audio_file,item_id,condition,text,duration_ms,peak_dbfs,integrated_lufs,sha256,tts_voice,tts_speaking_rate,generated_at,generator_version
audio/practice/p01_app_appropriate.wav,p01_app,appropriate,She eats fresh vegetables every day.,2521,-9.783,-23.0,9a2ba631429ec884f7c7ce7c9e7b0e76c72c32932888d9b4852832782bf65740,en-US-Neural2-C,0.9,2026-04-21T03:34:20+00:00,v1.1-2026-04
audio/practice/p01_inapp_inappropriate.wav,p01_inapp,inappropriate,She eats fresh silence every day.,2452,-10.269,-23.0,4212f2fdae4823864ace02b3a30b1ee453a2f14c3bd441d675bcf6e2635696b0,en-US-Neural2-C,0.9,2026-04-21T03:34:21+00:00,v1.1-2026-04
audio/practice/p02_app_appropriate.wav,p02_app,appropriate,The children jump on the mattress loudly.,2614,-10.543,-23.0,09c578f4ea0cccab0114ce1dd4d448b730cb68614830c5b70cf2f819fc6c704b,en-US-Neural2-C,0.9,2026-04-21T03:34:21+00:00,v1.1-2026-04
audio/practice/p02_inapp_inappropriate.wav,p02_inapp,inappropriate,The opinions jump on the mattress loudly.,2754,-9.082,-23.0,09f467489005dc85ab132eaca42b57d61435a507fb51c28d3ce5c3b067e37552,en-US-Neural2-C,0.9,2026-04-21T03:34:22+00:00,v1.1-2026-04
audio/practice/p03_app_appropriate.wav,p03_app,appropriate,They sing old songs on weekends.,2405,-8.71,-23.0,e07674b866cc0c658da91c7e34017f030b093b8305beae2c0e3feb78d0298e46,en-US-Neural2-C,0.9,2026-04-21T03:34:23+00:00,v1.1-2026-04
audio/practice/p03_inapp_inappropriate.wav,p03_inapp,inappropriate,They sing old bricks on weekends.,2313,-9.058,-23.0,1e6a3774eac1f8ec96c1a1d7f3d3a4dd9ddd4f9f01510585525c46b849d77b7a,en-US-Neural2-C,0.9,2026-04-21T03:34:24+00:00,v1.1-2026-04
audio/practice/p04_app_appropriate.wav,p04_app,appropriate,She buys fresh fish at the market.,2220,-7.302,-23.0,36e6ae34d1efd4d2473dca522b1123646a1fb087b2ce0dd3bb420e85acd35c21,en-US-Neural2-C,0.9,2026-04-21T03:34:27+00:00,v1.1-2026-04
audio/practice/p04_inapp_inappropriate.wav,p04_inapp,inappropriate,She buys fresh darkness at the market.,2498,-6.451,-23.0,402667aa1c60437be99fa89bce3290dc00cc06f45b38b2101c5d8c2355518ab8,en-US-Neural2-C,0.9,2026-04-21T03:34:28+00:00,v1.1-2026-04
audio/practice/p05_app_appropriate.wav,p05_app,appropriate,We met our teacher in the library.,2266,-8.258,-23.0,537ae2190f7f70f8f74dde9a540b813d9d4d542d26e6d1843e51f2d4ee326d93,en-US-Neural2-C,0.9,2026-04-21T03:34:32+00:00,v1.1-2026-04
audio/practice/p05_inapp_inappropriate.wav,p05_inapp,inappropriate,We met our sunlight in the library.,2336,-8.935,-23.0,c59482081c15ef8dac3003de27671f469fadd04ba67c28defae6e0105a3fc741,en-US-Neural2-C,0.9,2026-04-21T03:34:33+00:00,v1.1-2026-04
audio/practice/p06_app_appropriate.wav,p06_app,appropriate,The game starts at seven tonight.,2173,-10.298,-23.0,d28b84d95053746987a6aaaae2893d7a66037a2f9e77455fd892df4ccc40564d,en-US-Neural2-C,0.9,2026-04-21T03:34:34+00:00,v1.1-2026-04
audio/practice/p06_inapp_inappropriate.wav,p06_inapp,inappropriate,The table starts at seven tonight.,2243,-8.978,-23.0,7a118f41ba7ee2866b8789eff8f3f35c0e1bd0adf9c55e2d02e5f4867ef3d0ac,en-US-Neural2-C,0.9,2026-04-21T03:34:37+00:00,v1.1-2026-04
audio/practice/p07_app_appropriate.wav,p07_app,appropriate,She cooks dinner for her family.,2011,-9.879,-23.0,89c191afee4f7069d4a2bc1088214dac4751b3d0706444d1287bfa12bb4e987f,en-US-Neural2-C,0.9,2026-04-21T03:34:41+00:00,v1.1-2026-04
audio/practice/p07_inapp_inappropriate.wav,p07_inapp,inappropriate,She cooks thunder for her family.,2127,-8.856,-23.0,5236ae05a30876bef1137d219846d1d3f65aea358dfd29aba712d7d75399bf68,en-US-Neural2-C,0.9,2026-04-21T03:34:42+00:00,v1.1-2026-04
audio/practice/p08_app_appropriate.wav,p08_app,appropriate,She listens to music after dinner.,2266,-10.838,-23.0,72c5f5ca12205a28683e817b8c8fbd64f307f31c4e8b28371ae8b21584e27712,en-US-Neural2-C,0.9,2026-04-21T03:34:46+00:00,v1.1-2026-04
audio/practice/p08_inapp_inappropriate.wav,p08_inapp,inappropriate,She listens to colors after dinner.,2289,-9.24,-23.0,b0cd65d1bebda58781495ca7800a0a146f237097422f112165ab01536c4da912,en-US-Neural2-C,0.9,2026-04-21T03:34:46+00:00,v1.1-2026-04
audio/practice/p09_app_appropriate.wav,p09_app,appropriate,The distance to the station is long.,2313,-7.355,-23.0,2a2c1d5578dceb592873498417feec412067b5569207a7e90f5287e742795524,en-US-Neural2-C,0.9,2026-04-21T03:34:47+00:00,v1.1-2026-04
audio/practice/p09_inapp_inappropriate.wav,p09_inapp,inappropriate,The distance to the station is tall.,2313,-7.508,-23.0,6ec43781ae4edce1d0bca19bdff558e668d9080074d164f23d34357cb47a9ff9,en-US-Neural2-C,0.9,2026-04-21T03:34:48+00:00,v1.1-2026-04
audio/practice/p10_app_appropriate.wav,p10_app,appropriate,Her smile looked very warm tonight.,2498,-10.234,-23.0,38e35ee882b23db40f65e789b795c7e62c8a0dcdd629aa9bef95aacedca24bb9,en-US-Neural2-C,0.9,2026-04-21T03:34:49+00:00,v1.1-2026-04
audio/practice/p10_inapp_inappropriate.wav,p10_inapp,inappropriate,Her smile looked very rectangular tonight.,2916,-9.079,-23.0,a0f3f8314c5052a08687db06067a104ac223513e6611dd6ccc0e3f2f9720bbcb,en-US-Neural2-C,0.9,2026-04-21T03:34:50+00:00,v1.1-2026-04
audio/uvlt_1k_t01_i01_appropriate.wav,uvlt_1k_t01_i01,appropriate,The price of milk is low.,1871,-10.244,-23.0,216503c37eda7236ee218af35a617a79515a0cd6544d9bb6b84c2a03bbd6ef8b,en-US-Neural2-C,0.9,2026-04-21T03:34:55+00:00,v1.1-2026-04
audio/uvlt_1k_t01_i01_inappropriate.wav,uvlt_1k_t01_i01,inappropriate,The price of milk sounds angry.,2289,-9.268,-23.0,6603545dfac8ad2cfa36dcb0c85091d58182112e11030532a3e4c37a7f441a29,en-US-Neural2-C,0.9,2026-04-21T03:34:59+00:00,v1.1-2026-04
audio/uvlt_1k_t01_i02_appropriate.wav,uvlt_1k_t01_i02,appropriate,She showed me an old photograph.,2104,-10.404,-23.0,85a53f5f3a95434e2819abd0db29a9df7aff5b98df2db480ace9b8989a260902,en-US-Neural2-C,0.9,2026-04-21T03:35:03+00:00,v1.1-2026-04
audio/uvlt_1k_t01_i02_inappropriate.wav,uvlt_1k_t01_i02,inappropriate,She ate an old photograph happily.,2405,-10.051,-23.0,a1a2078ee578a0ca92d6dc83e99384e50e98a8c5eadf7b16b000890f335d7232,en-US-Neural2-C,0.9,2026-04-21T03:35:03+00:00,v1.1-2026-04
audio/uvlt_1k_t01_i03_appropriate.wav,uvlt_1k_t01_i03,appropriate,Flowers grew in the small garden.,2336,-11.605,-23.0,a552070397ae6aa445374e111eec0321de17ddaad583d0fd382a571a7027b767,en-US-Neural2-C,0.9,2026-04-21T03:35:04+00:00,v1.1-2026-04
audio/uvlt_1k_t01_i03_inappropriate.wav,uvlt_1k_t01_i03,inappropriate,Flowers grew in the loud garden.,2313,-11.819,-23.0,07782e1bad9030e5af529d07947ff6c6cde44268c6b42b7be6f8091c50991d15,en-US-Neural2-C,0.9,2026-04-21T03:35:05+00:00,v1.1-2026-04
audio/uvlt_1k_t02_i01_appropriate.wav,uvlt_1k_t02_i01,appropriate,The baby opened her right eye.,2057,-9.553,-23.0,ee4f06b73d5f48a390ae9e6ce85bf16d9ab703cd2ad5b62c12918428472502b7,en-US-Neural2-C,0.9,2026-04-21T03:35:06+00:00,v1.1-2026-04
audio/uvlt_1k_t02_i01_inappropriate.wav,uvlt_1k_t02_i01,inappropriate,The baby measured her right eye.,2080,-10.048,-23.0,f0838268de5803f949d96861e2f45329fb68835a96fa3cf23333193b3e7d92ec,en-US-Neural2-C,0.9,2026-04-21T03:35:06+00:00,v1.1-2026-04
audio/uvlt_1k_t02_i02_appropriate.wav,uvlt_1k_t02_i02,appropriate,Her father works on Saturdays.,2150,-9.51,-23.0,f56cd2ccc9db81b1cd3b29a0a4a4820614577ac9ff9a3adb6e784be6e437fdae,en-US-Neural2-C,0.9,2026-04-21T03:35:07+00:00,v1.1-2026-04
audio/uvlt_1k_t02_i02_inappropriate.wav,uvlt_1k_t02_i02,inappropriate,Her father melts on Saturdays.,2220,-9.316,-23.0,873ad94c4789a5219b353efd73450806104bb3167710eedc3977f321f816b7ad,en-US-Neural2-C,0.9,2026-04-21T03:35:08+00:00,v1.1-2026-04
audio/uvlt_1k_t02_i03_appropriate.wav,uvlt_1k_t02_i03,appropriate,She reads books every cold night.,2313,-9.609,-23.0,825ef5a45c9f04b35cdf6c21c58583e82dcbec4b24c6bb4d9440cd4d6856015f,en-US-Neural2-C,0.9,2026-04-21T03:35:08+00:00,v1.1-2026-04
audio/uvlt_1k_t02_i03_inappropriate.wav,uvlt_1k_t02_i03,inappropriate,She reads books every pink night.,2266,-9.784,-23.0,306053f642400139f8922fe512979efed064d50c10b210e0eff1297e42fbcaf5,en-US-Neural2-C,0.9,2026-04-21T03:35:09+00:00,v1.1-2026-04
audio/uvlt_1k_t03_i01_appropriate.wav,uvlt_1k_t03_i01,appropriate,My uncle lives near the park.,1987,-9.807,-23.0,e169344ae6e245a7dc195bded1cff5d5338e168b01e3d8dc21b4b7f73c8f8d12,en-US-Neural2-C,0.9,2026-04-21T03:35:09+00:00,v1.1-2026-04
audio/uvlt_1k_t03_i01_inappropriate.wav,uvlt_1k_t03_i01,inappropriate,My uncle grows near the park.,2057,-9.463,-23.0,e2e1353d5b842a9504e020a239c8a2de7f48f1f25cce32209465df85bb069070,en-US-Neural2-C,0.9,2026-04-21T03:35:10+00:00,v1.1-2026-04
audio/uvlt_1k_t03_i02_appropriate.wav,uvlt_1k_t03_i02,appropriate,Please stand in the center here.,1871,-11.001,-23.0,5aa3810d8692afbedf46b23e4a124ab6a6d8bee739e71af23d58efeb0830f28c,en-US-Neural2-C,0.9,2026-04-21T03:35:11+00:00,v1.1-2026-04
audio/uvlt_1k_t03_i02_inappropriate.wav,uvlt_1k_t03_i02,inappropriate,Please stand in the angry center.,2127,-11.663,-23.0,bd1e8c95d2e6d863da8b54aa0d9e82c2f361ce04308fd5691dff6b2f9f4ce1ff,en-US-Neural2-C,0.9,2026-04-21T03:35:14+00:00,v1.1-2026-04
audio/uvlt_1k_t03_i03_appropriate.wav,uvlt_1k_t03_i03,appropriate,She left a short note here.,1918,-9.081,-23.0,aeccc6fb8c9b0da02331aa9fb523c63c449baab1fd831e0d88ec7940291885ee,en-US-Neural2-C,0.9,2026-04-21T03:35:15+00:00,v1.1-2026-04
audio/uvlt_1k_t03_i03_inappropriate.wav,uvlt_1k_t03_i03,inappropriate,She left a shouting note here.,1987,-10.044,-23.0,e265196f88ea0b8ecdef6329bc3059acd079be445c4a1bb2c77fc2523bec997d,en-US-Neural2-C,0.9,2026-04-21T03:35:16+00:00,v1.1-2026-04
audio/uvlt_1k_t04_i01_appropriate.wav,uvlt_1k_t04_i01,appropriate,Her brother plays tennis after school.,2498,-9.214,-23.0,17f398580fef58a937b140b2dcb53bd68734bdff6450b42d36254d6224ee9488,en-US-Neural2-C,0.9,2026-04-21T03:35:16+00:00,v1.1-2026-04
audio/uvlt_1k_t04_i01_inappropriate.wav,uvlt_1k_t04_i01,inappropriate,Her brother wraps tennis after school.,2498,-9.151,-23.0,85135bb2026b4e8c8b62a99bafccf7cb41d6a34e5f4d15eb832d1d5639545f47,en-US-Neural2-C,0.9,2026-04-21T03:35:17+00:00,v1.1-2026-04
audio/uvlt_1k_t04_i02_appropriate.wav,uvlt_1k_t04_i02,appropriate,The meeting lasted one full hour.,2289,-8.906,-23.0,c467bebfc987319322a2cfe2bc722eafb1c6ef25c523d34729dac3c228452857,en-US-Neural2-C,0.9,2026-04-21T03:35:18+00:00,v1.1-2026-04
audio/uvlt_1k_t04_i02_inappropriate.wav,uvlt_1k_t04_i02,inappropriate,The meeting lasted one pink hour.,2359,-8.979,-23.0,67b337f386b247a8c8c7a3332cb00808684b1ec2d3fc28b0c4b6588f76de0d71,en-US-Neural2-C,0.9,2026-04-21T03:35:18+00:00,v1.1-2026-04
audio/uvlt_1k_t04_i03_appropriate.wav,uvlt_1k_t04_i03,appropriate,They made a simple plan today.,2080,-9.806,-23.0,852c1e5d09dea5b429eef50fba2d58f7a88e5b0ad5ba1c42daa0e74b29cdaeb1,en-US-Neural2-C,0.9,2026-04-21T03:35:19+00:00,v1.1-2026-04
audio/uvlt_1k_t04_i03_inappropriate.wav,uvlt_1k_t04_i03,inappropriate,They made a wet plan today.,1918,-9.901,-23.0,2d6b13966a665da88df7a16200aad469820d39d46762d6cf17ebd2ca65453936,en-US-Neural2-C,0.9,2026-04-21T03:35:19+00:00,v1.1-2026-04
audio/uvlt_1k_t05_i01_appropriate.wav,uvlt_1k_t05_i01,appropriate,The green grass covered the ground.,2289,-9.313,-23.0,783438c1c384e5993bdfc447ecac5a30805f8825031accf3a1366268dcef54de,en-US-Neural2-C,0.9,2026-04-21T03:35:20+00:00,v1.1-2026-04
audio/uvlt_1k_t05_i01_inappropriate.wav,uvlt_1k_t05_i01,inappropriate,The angry grass covered the ground.,2405,-9.603,-23.0,84a46e59681bc268d437fd560b859b3f0ef24b7f338441f2e42919e775676b4c,en-US-Neural2-C,0.9,2026-04-21T03:35:21+00:00,v1.1-2026-04
audio/uvlt_1k_t05_i02_appropriate.wav,uvlt_1k_t05_i02,appropriate,Please take a hot bath now.,1918,-10.052,-23.0,5b912e8a2eab891231967264546c9a0021345c88bd78d9c59873e43a03909192,en-US-Neural2-C,0.9,2026-04-21T03:35:22+00:00,v1.1-2026-04
audio/uvlt_1k_t05_i02_inappropriate.wav,uvlt_1k_t05_i02,inappropriate,Please take a loud bath now.,2057,-10.372,-23.0,6149aa4f5379527746e383c191c165ca9abb1f52cf440207bd192d1ec121d7c1,en-US-Neural2-C,0.9,2026-04-21T03:35:22+00:00,v1.1-2026-04
audio/uvlt_1k_t05_i03_appropriate.wav,uvlt_1k_t05_i03,appropriate,He hurt his left shoulder yesterday.,2359,-9.559,-23.0,3f5d57da7e8e4ad95fc8b3bfd3c0d165b16b080306ecf9a179ae01af08e1758a,en-US-Neural2-C,0.9,2026-04-21T03:35:23+00:00,v1.1-2026-04
audio/uvlt_1k_t05_i03_inappropriate.wav,uvlt_1k_t05_i03,inappropriate,He hurt his talking shoulder yesterday.,2452,-9.843,-23.0,5bdb8143fc93f979e3d83569e212b0b5dbeddc29829387bb75598685a8d65a9d,en-US-Neural2-C,0.9,2026-04-21T03:35:23+00:00,v1.1-2026-04
audio/uvlt_1k_t06_i01_appropriate.wav,uvlt_1k_t06_i01,appropriate,Mom prepares breakfast every single morning.,2916,-9.425,-23.0,302714896f27bead61e116328ea775104619a641b0a9b0af2e49f5bb4ead3371,en-US-Neural2-C,0.9,2026-04-21T03:35:24+00:00,v1.1-2026-04
audio/uvlt_1k_t06_i01_inappropriate.wav,uvlt_1k_t06_i01,inappropriate,Mom prepares anger every single morning.,2777,-10.469,-23.0,e595e6d47bc8a6051f22648d8266ec0a43219dd3c35485b346c4af9805b8240e,en-US-Neural2-C,0.9,2026-04-21T03:35:25+00:00,v1.1-2026-04
audio/uvlt_1k_t06_i02_appropriate.wav,uvlt_1k_t06_i02,appropriate,The children laughed at his joke.,2057,-9.261,-23.0,48d7f976e0780f651fb76a5b90983d667244191729d12d2035a7963aeec280ad,en-US-Neural2-C,0.9,2026-04-21T03:35:28+00:00,v1.1-2026-04
audio/uvlt_1k_t06_i02_inappropriate.wav,uvlt_1k_t06_i02,inappropriate,The buildings laughed at his joke.,2080,-9.128,-23.0,d4891e707ef6d3676f7a8e0b94146f0cbfc454141349c56046103a97da079e4b,en-US-Neural2-C,0.9,2026-04-21T03:35:29+00:00,v1.1-2026-04
audio/uvlt_1k_t06_i03_appropriate.wav,uvlt_1k_t06_i03,appropriate,She always forgets her house keys.,2266,-9.074,-23.0,2b0f49ae986e7affc1fc653ae7d940ac5deb7925f0c1fdc3159d8f45e57dd669,en-US-Neural2-C,0.9,2026-04-21T03:35:30+00:00,v1.1-2026-04
audio/uvlt_1k_t06_i03_inappropriate.wav,uvlt_1k_t06_i03,inappropriate,She always forgets her pink keys.,2359,-9.058,-23.0,48c6cb40e548cf0629ffe0c444a78b2cacfb908e6d7853d56e1488cdbec2cd76,en-US-Neural2-C,0.9,2026-04-21T03:35:30+00:00,v1.1-2026-04
audio/uvlt_1k_t07_i01_appropriate.wav,uvlt_1k_t07_i01,appropriate,Her dad works at the factory.,1987,-8.025,-23.0,5d98e47dce6a02bbbf7bce99a746ca00292396d12fbc578ddda9583e20583c84,en-US-Neural2-C,0.9,2026-04-21T03:35:31+00:00,v1.1-2026-04
audio/uvlt_1k_t07_i01_inappropriate.wav,uvlt_1k_t07_i01,inappropriate,Her dad works at the apple.,1848,-8.769,-23.0,a15dd1eadb00be84a5717be9414dc5766ea40275bc9ee7883e5e8b61ceb4209e,en-US-Neural2-C,0.9,2026-04-21T03:35:32+00:00,v1.1-2026-04
audio/uvlt_1k_t07_i02_appropriate.wav,uvlt_1k_t07_i02,appropriate,She returned home after the party.,2243,-9.404,-23.0,9319dde08d78594e7112acc8bd798caf04db1bbd106cbaf458afa2817cf2dd24,en-US-Neural2-C,0.9,2026-04-21T03:35:32+00:00,v1.1-2026-04
audio/uvlt_1k_t07_i02_inappropriate.wav,uvlt_1k_t07_i02,inappropriate,She returned a song after the party.,2382,-9.747,-23.0,b1873e497824bcb43c634ecd4386ef82a1c197c85ba82fdbce0499882e6fe934,en-US-Neural2-C,0.9,2026-04-21T03:35:33+00:00,v1.1-2026-04
audio/uvlt_1k_t07_i03_appropriate.wav,uvlt_1k_t07_i03,appropriate,He checked his email before leaving.,2313,-10.256,-23.0,475c86bb77342039206cb9d3683427b775a1ef631fab7331ace919baad7a9dfc,en-US-Neural2-C,0.9,2026-04-21T03:35:34+00:00,v1.1-2026-04
audio/uvlt_1k_t07_i03_inappropriate.wav,uvlt_1k_t07_i03,inappropriate,He checked his storm before leaving.,2313,-8.873,-23.0,ced47b8abf51356638e2d9e8acc12843e6ea982be5e0d23af97502a92c05fcb9,en-US-Neural2-C,0.9,2026-04-21T03:35:34+00:00,v1.1-2026-04
audio/uvlt_1k_t08_i01_appropriate.wav,uvlt_1k_t08_i01,appropriate,She will reply to his kind message.,2405,-10.083,-23.0,ee1649f206295400ccf8704308df363d2f6f1619ad593fd2cd8eef7ff7e0bea6,en-US-Neural2-C,0.9,2026-04-21T03:35:35+00:00,v1.1-2026-04
audio/uvlt_1k_t08_i01_inappropriate.wav,uvlt_1k_t08_i01,inappropriate,She will reply to his kind mountain.,2429,-10.101,-23.0,f1704fb0d068e0b0e4405a60981cc74cd1d147d953ff4a52eabfada87e9d5e10,en-US-Neural2-C,0.9,2026-04-21T03:35:36+00:00,v1.1-2026-04
audio/uvlt_1k_t08_i02_appropriate.wav,uvlt_1k_t08_i02,appropriate,Please bring your own water bottle.,1987,-12.018,-23.0,8e006c660c1971643186478ac70b73f77427662f984c34c55d5e820080be318f,en-US-Neural2-C,0.9,2026-04-21T03:35:37+00:00,v1.1-2026-04
audio/uvlt_1k_t08_i02_inappropriate.wav,uvlt_1k_t08_i02,inappropriate,Please bring your own angry bottle.,2104,-11.764,-23.0,076124e7e4cb453f53848a886085eed789003408cf1a2d0cd6c500d6af02cb3c,en-US-Neural2-C,0.9,2026-04-21T03:35:37+00:00,v1.1-2026-04
audio/uvlt_1k_t08_i03_appropriate.wav,uvlt_1k_t08_i03,appropriate,The boy stared at the sky.,1895,-8.689,-23.0,7b027f9edfde0cb4e31d2d11011012053294184e5ea5f98925a3b00db9acc4e8,en-US-Neural2-C,0.9,2026-04-21T03:35:38+00:00,v1.1-2026-04
audio/uvlt_1k_t08_i03_inappropriate.wav,uvlt_1k_t08_i03,inappropriate,The stone stared at the sky.,2057,-9.748,-23.0,5443c53c8658b16385f50a21ed1913d1c4ba392b7bcb9b09c307f2762ad3be2b,en-US-Neural2-C,0.9,2026-04-21T03:35:38+00:00,v1.1-2026-04
audio/uvlt_1k_t09_i01_appropriate.wav,uvlt_1k_t09_i01,appropriate,She was the main guest yesterday.,2127,-9.397,-23.0,6b0d750df8fe780515747af4f31a7f9ca4a82e9b405dea5eb43ff2155d132eaf,en-US-Neural2-C,0.9,2026-04-21T03:35:39+00:00,v1.1-2026-04
audio/uvlt_1k_t09_i01_inappropriate.wav,uvlt_1k_t09_i01,inappropriate,She was the main chicken yesterday.,2173,-8.805,-23.0,6e8472e292696fd20d926f01c44d1a22b9610073037f63a8131b1a2d86812789,en-US-Neural2-C,0.9,2026-04-21T03:35:40+00:00,v1.1-2026-04
audio/uvlt_1k_t09_i02_appropriate.wav,uvlt_1k_t09_i02,appropriate,That was a bad decision today.,2104,-10.875,-23.0,c7e3803ace3713734ee485a34509b911174fdb6fc78da69a7ec8d3b88b1d55cc,en-US-Neural2-C,0.9,2026-04-21T03:35:40+00:00,v1.1-2026-04
audio/uvlt_1k_t09_i02_inappropriate.wav,uvlt_1k_t09_i02,inappropriate,That was a bad triangle today.,2196,-9.606,-23.0,3b5d07bf9bc8c26548516b812cab7310d7625a1d7a83188aee34b0b72d49e8f4,en-US-Neural2-C,0.9,2026-04-21T03:35:41+00:00,v1.1-2026-04
audio/uvlt_1k_t09_i03_appropriate.wav,uvlt_1k_t09_i03,appropriate,The cold water felt really nice.,2405,-9.118,-23.0,7f77f9d63383d9efbfa43d110e19131caef84f6612e2f0f249d515c751433414,en-US-Neural2-C,0.9,2026-04-21T03:35:42+00:00,v1.1-2026-04
audio/uvlt_1k_t09_i03_inappropriate.wav,uvlt_1k_t09_i03,inappropriate,The cold idea felt really nice.,2521,-9.733,-23.0,7f9fd454ef3233de27821938c4651b2065ed05554aff1ac7fcf0450f7c55d242,en-US-Neural2-C,0.9,2026-04-21T03:35:42+00:00,v1.1-2026-04
audio/uvlt_1k_t10_i01_appropriate.wav,uvlt_1k_t10_i01,appropriate,His answer was a definite yes.,2196,-7.175,-23.0,3457178d258132951f47840d8d72fa4f142d259362c9b446058d3e34a7de0220,en-US-Neural2-C,0.9,2026-04-21T03:35:43+00:00,v1.1-2026-04
audio/uvlt_1k_t10_i01_inappropriate.wav,uvlt_1k_t10_i01,inappropriate,His answer was a definite potato.,2405,-6.484,-23.0,67feed169df9ba4a74995f4ec77f2857e3f21624e862f99fba6c992bbc0a3809,en-US-Neural2-C,0.9,2026-04-21T03:35:44+00:00,v1.1-2026-04
audio/uvlt_1k_t10_i02_appropriate.wav,uvlt_1k_t10_i02,appropriate,The general idea was really good.,2382,-10.083,-23.0,c13ef839d651430c8f9901daa4d58b8d7a22b4145ba6fedd2a07ef3c8bb4b6db,en-US-Neural2-C,0.9,2026-04-21T03:35:44+00:00,v1.1-2026-04
audio/uvlt_1k_t10_i02_inappropriate.wav,uvlt_1k_t10_i02,inappropriate,The general potato was really good.,2498,-10.002,-23.0,20da27520191c02215bb03a46213b476171b00a3eeaa9aba0b0d53a57a62c026,en-US-Neural2-C,0.9,2026-04-21T03:35:45+00:00,v1.1-2026-04
audio/uvlt_1k_t10_i03_appropriate.wav,uvlt_1k_t10_i03,appropriate,The food tasted awful last night.,2429,-8.645,-23.0,c73a1d3fd66130dd110e13e1e0f5fbcf022976db377441acba60ccf39a4c5852,en-US-Neural2-C,0.9,2026-04-21T03:35:46+00:00,v1.1-2026-04
audio/uvlt_1k_t10_i03_inappropriate.wav,uvlt_1k_t10_i03,inappropriate,The idea tasted awful last night.,2614,-8.914,-23.0,f2939f4ca38a46f827f297cf0fffba8592cb32995f50d775d19f3577685848a7,en-US-Neural2-C,0.9,2026-04-21T03:35:47+00:00,v1.1-2026-04
audio/uvlt_2k_t01_i01_appropriate.wav,uvlt_2k_t01_i01,appropriate,The new phone has many features.,2289,-9.079,-23.0,6d23ab5e4631abe40abb19f8992c42dd41d3674c00bddc9d92d11d0dc86ab27c,en-US-Neural2-C,0.9,2026-04-21T03:35:47+00:00,v1.1-2026-04
audio/uvlt_2k_t01_i01_inappropriate.wav,uvlt_2k_t01_i01,inappropriate,The new phone has loud features.,2313,-8.219,-23.0,d2c8f79a813da3888cd6a2481e0497c246893085996b0eb1d7529a40a7de57ca,en-US-Neural2-C,0.9,2026-04-21T03:35:48+00:00,v1.1-2026-04
audio/uvlt_2k_t01_i02_appropriate.wav,uvlt_2k_t01_i02,appropriate,The coach praised every young player today.,2754,-9.904,-23.0,5b443c2777bf8e415052ba0cbe3da3e7808c79b7f6a9c9339f32f899b2fdbd5c,en-US-Neural2-C,0.9,2026-04-21T03:35:49+00:00,v1.1-2026-04
audio/uvlt_2k_t01_i02_inappropriate.wav,uvlt_2k_t01_i02,inappropriate,The coach swallowed every young player today.,2777,-9.233,-23.0,c9e8403784a6ff12d93a7e2eb69f99569f9df55587c21a665a96b8cc3f226779,en-US-Neural2-C,0.9,2026-04-21T03:35:49+00:00,v1.1-2026-04
audio/uvlt_2k_t01_i03_appropriate.wav,uvlt_2k_t01_i03,appropriate,The gardener pulled some tall weeds.,2475,-8.672,-23.0,b762aeaea329a8447771d0fa9df2ec868eda73b23fcd7b1ab51a4c14d60ac807,en-US-Neural2-C,0.9,2026-04-21T03:35:50+00:00,v1.1-2026-04
audio/uvlt_2k_t01_i03_inappropriate.wav,uvlt_2k_t01_i03,inappropriate,The gardener pulled some happy weeds.,2429,-8.842,-23.0,e7b259da488c41d4efde438fb572853f923e8e1fbfb8d97c22199a861b6483b2,en-US-Neural2-C,0.9,2026-04-21T03:35:51+00:00,v1.1-2026-04
audio/uvlt_2k_t02_i01_appropriate.wav,uvlt_2k_t02_i01,appropriate,We grew fresh vegetables every year.,2521,-7.95,-23.0,f227e6245944f054164cbe3462d26ddd9f4547906d92071faa91b676b32d0e84,en-US-Neural2-C,0.9,2026-04-21T03:35:51+00:00,v1.1-2026-04
audio/uvlt_2k_t02_i01_inappropriate.wav,uvlt_2k_t02_i01,inappropriate,We grew angry vegetables every year.,2638,-8.978,-23.0,06d7e95127cf60485accb5375a07297de2a9b41a95a54147aaa518bb0b77b951,en-US-Neural2-C,0.9,2026-04-21T03:35:52+00:00,v1.1-2026-04
audio/uvlt_2k_t02_i02_appropriate.wav,uvlt_2k_t02_i02,appropriate,His knowledge of history is deep.,2034,-8.917,-23.0,f2b332cc0928b74c349444c176089cf3111e261daac375f83832a5176e0bccb6,en-US-Neural2-C,0.9,2026-04-21T03:35:53+00:00,v1.1-2026-04
audio/uvlt_2k_t02_i02_inappropriate.wav,uvlt_2k_t02_i02,inappropriate,His knowledge of history is pink.,2173,-8.35,-23.0,da1d39aab5c6129d953e06626aaf3c87b107d0289475639104920d2adade32d6,en-US-Neural2-C,0.9,2026-04-21T03:35:53+00:00,v1.1-2026-04
audio/uvlt_2k_t02_i03_appropriate.wav,uvlt_2k_t02_i03,appropriate,The average was above nine points.,2405,-8.745,-23.0,6664605137d64c6a412b5c5d29d59b4863f33b2d353e7f07c30ad3f3ad3c4a8a,en-US-Neural2-C,0.9,2026-04-21T03:35:54+00:00,v1.1-2026-04
audio/uvlt_2k_t02_i03_inappropriate.wav,uvlt_2k_t02_i03,inappropriate,The average was above nine sneezes.,2568,-8.824,-23.0,94a9ab9251675443672155106a82f314b05f8b2c768b6b75a918e7dd5c1b805c,en-US-Neural2-C,0.9,2026-04-21T03:35:55+00:00,v1.1-2026-04
audio/uvlt_2k_t03_i01_appropriate.wav,uvlt_2k_t03_i01,appropriate,Draw a big circle on paper.,2173,-8.903,-23.0,eda95f9e0e113e437b74fd460edaa8033258b98cdb864163aaf72d2375b9359c,en-US-Neural2-C,0.9,2026-04-21T03:35:55+00:00,v1.1-2026-04
audio/uvlt_2k_t03_i01_inappropriate.wav,uvlt_2k_t03_i01,inappropriate,Draw a loud circle on paper.,2266,-9.384,-23.0,3dc5df9c05edb759b54161f12810cf7521b069c9c97a70ac039c93d161d4b2c9,en-US-Neural2-C,0.9,2026-04-21T03:35:56+00:00,v1.1-2026-04
audio/uvlt_2k_t03_i02_appropriate.wav,uvlt_2k_t03_i02,appropriate,He cut the bread with a knife.,1848,-10.288,-23.0,6133420d8e97c28b375d8e15aa38736e0d88aa842d8ab452658f2ddc5fa3cee4,en-US-Neural2-C,0.9,2026-04-21T03:35:57+00:00,v1.1-2026-04
audio/uvlt_2k_t03_i02_inappropriate.wav,uvlt_2k_t03_i02,inappropriate,He cut the bread with a happy knife.,2266,-9.67,-23.0,72c87effa948b5ffe6369e1ddec7d803cad25bca1904ea9ccd3e1f5535cd17b5,en-US-Neural2-C,0.9,2026-04-21T03:35:57+00:00,v1.1-2026-04
audio/uvlt_2k_t03_i03_appropriate.wav,uvlt_2k_t03_i03,appropriate,The judge tried to bring justice.,2173,-8.121,-23.0,32dc5ecd72d4a7400a2291f263747c42337c326e12ce3d7bb6e5c7078e78a629,en-US-Neural2-C,0.9,2026-04-21T03:35:58+00:00,v1.1-2026-04
audio/uvlt_2k_t03_i03_inappropriate.wav,uvlt_2k_t03_i03,inappropriate,The judge tried to taste justice.,2266,-6.77,-23.0,f6883eedd639b50488df12c0b5b964720afd3211e1824c92aacf2eb38d8913c1,en-US-Neural2-C,0.9,2026-04-21T03:35:59+00:00,v1.1-2026-04
audio/uvlt_2k_t04_i01_appropriate.wav,uvlt_2k_t04_i01,appropriate,Read the last section of the book.,2034,-9.473,-23.0,854b186046a8e629d06c5ebc5b05f578a8b0a412e626c5cf291a7e3a179127d7,en-US-Neural2-C,0.9,2026-04-21T03:36:02+00:00,v1.1-2026-04
audio/uvlt_2k_t04_i01_inappropriate.wav,uvlt_2k_t04_i01,inappropriate,Read the loud section of the book.,2080,-8.927,-23.0,4424cf8f667c5bc3d46fade0dac53cc3b85bd8917294fb6df7d53a9ab4a3c2ff,en-US-Neural2-C,0.9,2026-04-21T03:36:03+00:00,v1.1-2026-04
audio/uvlt_2k_t04_i02_appropriate.wav,uvlt_2k_t04_i02,appropriate,The building site was very busy.,2289,-9.515,-23.0,cb681b2d75b2b1b4a0f97709a604297351e2e22eef988e0918b30752339b0dfe,en-US-Neural2-C,0.9,2026-04-21T03:36:07+00:00,v1.1-2026-04
audio/uvlt_2k_t04_i02_inappropriate.wav,uvlt_2k_t04_i02,inappropriate,The building site was very asleep.,2289,-9.274,-23.0,f1b3a1d0b00d14afd7aa0fdd8f6a158cc21a3428997442f18c5450d1aeda0d32,en-US-Neural2-C,0.9,2026-04-21T03:36:07+00:00,v1.1-2026-04
audio/uvlt_2k_t04_i03_appropriate.wav,uvlt_2k_t04_i03,appropriate,Please put a clean sheet here.,1848,-10.772,-23.0,c44ff93edd72f7bdbf16df32fd6980cebeb9459bab4d3a287f2fa5a5e1c97533,en-US-Neural2-C,0.9,2026-04-21T03:36:08+00:00,v1.1-2026-04
audio/uvlt_2k_t04_i03_inappropriate.wav,uvlt_2k_t04_i03,inappropriate,Please put a loud sheet here.,1871,-9.439,-23.0,1657106fe5c1f362076b457a847b8a8976738670c2586ce2eac98464c455622e,en-US-Neural2-C,0.9,2026-04-21T03:36:08+00:00,v1.1-2026-04
audio/uvlt_2k_t05_i01_appropriate.wav,uvlt_2k_t05_i01,appropriate,He sent the envelope this week.,2011,-9.96,-23.0,8455fecd76167c0fe7c62701d7d5c1412dcd925832bc289d5a1b8b92a3c8c905,en-US-Neural2-C,0.9,2026-04-21T03:36:09+00:00,v1.1-2026-04
audio/uvlt_2k_t05_i01_inappropriate.wav,uvlt_2k_t05_i01,inappropriate,He sent the asleep envelope this week.,2475,-9.584,-23.0,3fe4b050326c7147f8beec5d02e2c21603f337d0d88cc36d5e9d133cc9cd2e1f,en-US-Neural2-C,0.9,2026-04-21T03:36:10+00:00,v1.1-2026-04
audio/uvlt_2k_t05_i02_appropriate.wav,uvlt_2k_t05_i02,appropriate,He wore a blue cap outside.,2150,-9.031,-23.0,e10c5489b22e8e2938d9fbe06df593ae5cd35539b151340606ce8f028057cef1,en-US-Neural2-C,0.9,2026-04-21T03:36:11+00:00,v1.1-2026-04
audio/uvlt_2k_t05_i02_inappropriate.wav,uvlt_2k_t05_i02,inappropriate,He wore a talking cap outside.,2266,-8.277,-23.0,db088bdced25fb660e5d2136faa8611c3d656e5d2d7be939a40e713650b58cd7,en-US-Neural2-C,0.9,2026-04-21T03:36:11+00:00,v1.1-2026-04
audio/uvlt_2k_t05_i03_appropriate.wav,uvlt_2k_t05_i03,appropriate,They rented a small apartment downtown.,2754,-9.119,-23.0,50143d38fd8c8efe20643f556bef2a3cb42dbdfe626fbec2bb868c17adec50dc,en-US-Neural2-C,0.9,2026-04-21T03:36:12+00:00,v1.1-2026-04
audio/uvlt_2k_t05_i03_inappropriate.wav,uvlt_2k_t05_i03,inappropriate,They rented a sleeping apartment downtown.,2800,-9.081,-23.0,3827c6e2e43333b94478b3db24ce48a71295487507e2e83aa1810f950e82655e,en-US-Neural2-C,0.9,2026-04-21T03:36:13+00:00,v1.1-2026-04
audio/uvlt_2k_t06_i01_appropriate.wav,uvlt_2k_t06_i01,appropriate,She wrapped the gift in paper.,1964,-8.194,-23.0,01cac9efd3932edbbebdfcb2fb50bbfd9febc7e157b259a1ab4c2549badd59cc,en-US-Neural2-C,0.9,2026-04-21T03:36:13+00:00,v1.1-2026-04
audio/uvlt_2k_t06_i01_inappropriate.wav,uvlt_2k_t06_i01,inappropriate,She wrapped the music in paper.,2057,-9.83,-23.0,9eb41d2f5d59de625092c5e04be9fe4f3d8db4e4407be699b54bb341a6afa1ff,en-US-Neural2-C,0.9,2026-04-21T03:36:14+00:00,v1.1-2026-04
audio/uvlt_2k_t06_i02_appropriate.wav,uvlt_2k_t06_i02,appropriate,They contributed money to the hospital.,2452,-9.114,-23.0,235cfcff9645ef3314faf1a6ba7d985ee09071f71277f92bc822cae0b9f0e02c,en-US-Neural2-C,0.9,2026-04-21T03:36:14+00:00,v1.1-2026-04
audio/uvlt_2k_t06_i02_inappropriate.wav,uvlt_2k_t06_i02,inappropriate,They contributed laughter to the hospital.,2614,-8.526,-23.0,b355a0fc6d1772ffc90b88563e7be36e048421a03a50c067d77218d905c4e90a,en-US-Neural2-C,0.9,2026-04-21T03:36:15+00:00,v1.1-2026-04
audio/uvlt_2k_t06_i03_appropriate.wav,uvlt_2k_t06_i03,appropriate,He sought advice from his father.,2080,-9.267,-23.0,b812a2efea18350f27d4a2d3c24ea9627567bd727a52da759dd46e7030684ab2,en-US-Neural2-C,0.9,2026-04-21T03:36:16+00:00,v1.1-2026-04
audio/uvlt_2k_t06_i03_inappropriate.wav,uvlt_2k_t06_i03,inappropriate,He sought laughter from his father.,2127,-8.921,-23.0,82c65072ad4f52218603772b89b90f1d5dea14b1459cd825b69e94af51a3d589,en-US-Neural2-C,0.9,2026-04-21T03:36:16+00:00,v1.1-2026-04
audio/uvlt_2k_t07_i01_appropriate.wav,uvlt_2k_t07_i01,appropriate,The box contains three old books.,2545,-7.837,-23.0,39c85d27a37b8c656c39911a7efef9d76d389b3ebcc390d35924f7f31e8856cc,en-US-Neural2-C,0.9,2026-04-21T03:36:17+00:00,v1.1-2026-04
audio/uvlt_2k_t07_i01_inappropriate.wav,uvlt_2k_t07_i01,inappropriate,The box contains three loud ideas.,2754,-8.301,-23.0,b4c14844e6ebed0433d4493a8f42d92a476b974d90661c8a9a04531fbc0f7b0d,en-US-Neural2-C,0.9,2026-04-21T03:36:18+00:00,v1.1-2026-04
audio/uvlt_2k_t07_i02_appropriate.wav,uvlt_2k_t07_i02,appropriate,She searched the room for keys.,2011,-10.66,-23.0,b2fd36417f03ebf949fbc0c8c96fcdc1e82ba14eae2599b5e9e1df2c3941abdd,en-US-Neural2-C,0.9,2026-04-21T03:36:18+00:00,v1.1-2026-04
audio/uvlt_2k_t07_i02_inappropriate.wav,uvlt_2k_t07_i02,inappropriate,She searched the room for songs.,2080,-10.705,-23.0,8d560dae1c74d56fb33600980cd06dfd2804dd9a65eaede55e0f69cfe32a1077,en-US-Neural2-C,0.9,2026-04-21T03:36:19+00:00,v1.1-2026-04
audio/uvlt_2k_t07_i03_appropriate.wav,uvlt_2k_t07_i03,appropriate,She avoided heavy traffic every morning.,2614,-8.367,-23.0,9c9281b676d1d52639a9e01ffff2de429932e2f862732d47e1a48aa95216e2f9,en-US-Neural2-C,0.9,2026-04-21T03:36:20+00:00,v1.1-2026-04
audio/uvlt_2k_t07_i03_inappropriate.wav,uvlt_2k_t07_i03,inappropriate,She avoided heavy triangles every morning.,2916,-8.039,-23.0,904e0e52044b0a6441a69028b20a12765e62f545c6e19a103df90f8974274028,en-US-Neural2-C,0.9,2026-04-21T03:36:20+00:00,v1.1-2026-04
audio/uvlt_2k_t08_i01_appropriate.wav,uvlt_2k_t08_i01,appropriate,She received a nice birthday gift.,2336,-10.372,-23.0,f20ce06b3e6455cb95bc762db4ccd23d3b3b571752519233f4229c441115f7bd,en-US-Neural2-C,0.9,2026-04-21T03:36:21+00:00,v1.1-2026-04
audio/uvlt_2k_t08_i01_inappropriate.wav,uvlt_2k_t08_i01,inappropriate,She received a nice birthday sky.,2405,-10.204,-23.0,e68208595cfce8769dc34b015efe41ad98516ec85e70ca3e8f6b8a742b0ed56c,en-US-Neural2-C,0.9,2026-04-21T03:36:25+00:00,v1.1-2026-04
audio/uvlt_2k_t08_i02_appropriate.wav,uvlt_2k_t08_i02,appropriate,He bumped his knee on the desk.,2034,-7.517,-23.0,8571e61e8aea7435d6a1c91ba7c0dd69fd9c6420cd0312335db26470cfc98934,en-US-Neural2-C,0.9,2026-04-21T03:36:25+00:00,v1.1-2026-04
audio/uvlt_2k_t08_i02_inappropriate.wav,uvlt_2k_t08_i02,inappropriate,He bumped his dream on the desk.,2104,-6.167,-23.0,850c41093d5718eff6a6cf5a8fa242269d3e206ae95ed684540836f4443543bc,en-US-Neural2-C,0.9,2026-04-21T03:36:26+00:00,v1.1-2026-04
audio/uvlt_2k_t08_i03_appropriate.wav,uvlt_2k_t08_i03,appropriate,The price includes all the drinks.,2220,-9.803,-23.0,fba3afb281364e377328e41516aa9173be7abf1138c69a54316acc9570322cd7,en-US-Neural2-C,0.9,2026-04-21T03:36:27+00:00,v1.1-2026-04
audio/uvlt_2k_t08_i03_inappropriate.wav,uvlt_2k_t08_i03,inappropriate,The price includes all the whispers.,2336,-8.888,-23.0,8151f92ea39b1b57ea920ff3c637a576888b2aea8bd1358b114946977e2c17a1,en-US-Neural2-C,0.9,2026-04-21T03:36:27+00:00,v1.1-2026-04
audio/uvlt_2k_t09_i01_appropriate.wav,uvlt_2k_t09_i01,appropriate,She was proud of her daughter.,1778,-9.114,-23.0,306ab06d9a25c9eb21846c7754e4dd41dea099087318eaa8d64ade09ab86b931,en-US-Neural2-C,0.9,2026-04-21T03:36:28+00:00,v1.1-2026-04
audio/uvlt_2k_t09_i01_inappropriate.wav,uvlt_2k_t09_i01,inappropriate,She was proud of her pencil.,1895,-8.042,-23.0,fefe6dde96976c657f593f2e31fbe214fd2f6fcf8eba4cf98c35dd0893f86ea5,en-US-Neural2-C,0.9,2026-04-21T03:36:29+00:00,v1.1-2026-04
audio/uvlt_2k_t09_i02_appropriate.wav,uvlt_2k_t09_i02,appropriate,That was a super nice day.,2034,-11.213,-23.0,affd95af672e5ada2958606565d654f55d02b37af70a793535c1297c7499c9e7,en-US-Neural2-C,0.9,2026-04-21T03:36:29+00:00,v1.1-2026-04
audio/uvlt_2k_t09_i02_inappropriate.wav,uvlt_2k_t09_i02,inappropriate,That was a super nice cloud.,2196,-10.689,-23.0,f75750462f37427c7e5405718fa12efaa0b55ff0dd7ba10e2a09b05ced476c9d,en-US-Neural2-C,0.9,2026-04-21T03:36:30+00:00,v1.1-2026-04
audio/uvlt_2k_t09_i03_appropriate.wav,uvlt_2k_t09_i03,appropriate,The constant noise bothered her friends.,2521,-8.141,-23.0,39754d9641258b6b5894062f2545dbe96299fe4f7f6273b6944f282d6035bedb,en-US-Neural2-C,0.9,2026-04-21T03:36:31+00:00,v1.1-2026-04
audio/uvlt_2k_t09_i03_inappropriate.wav,uvlt_2k_t09_i03,inappropriate,The constant friend bothered her breakfast.,2661,-8.009,-23.0,416366ed77217a3fead0683b19174e6865e80b008a89698d202b25e793ecf6bd,en-US-Neural2-C,0.9,2026-04-21T03:36:31+00:00,v1.1-2026-04
audio/uvlt_2k_t10_i01_appropriate.wav,uvlt_2k_t10_i01,appropriate,They threw away the rotten apples.,2173,-8.556,-23.0,d9ff601a5a353f1cfc6ff6168c83a3f485ba39e301b74ab5785baba60556afa0,en-US-Neural2-C,0.9,2026-04-21T03:36:32+00:00,v1.1-2026-04
audio/uvlt_2k_t10_i01_inappropriate.wav,uvlt_2k_t10_i01,inappropriate,They threw away the rotten answers.,2243,-8.796,-23.0,788217a521630f80ee65012866d7691dfd32de4d81b039fe513d45e367e4dd7f,en-US-Neural2-C,0.9,2026-04-21T03:36:33+00:00,v1.1-2026-04
audio/uvlt_2k_t10_i02_appropriate.wav,uvlt_2k_t10_i02,appropriate,The table had a smooth surface.,2289,-10.189,-23.0,4eefc213ca190bf2f8493fbf35aa7509bb4c1cba2db18d1cc51c602170908106,en-US-Neural2-C,0.9,2026-04-21T03:36:33+00:00,v1.1-2026-04
audio/uvlt_2k_t10_i02_inappropriate.wav,uvlt_2k_t10_i02,inappropriate,The poem had a smooth surface.,2243,-10.406,-23.0,624a82019d08c883ddd7309bf3fd9f98604dcbc553d3cfb601db3ae7a3136d52,en-US-Neural2-C,0.9,2026-04-21T03:36:34+00:00,v1.1-2026-04
audio/uvlt_2k_t10_i03_appropriate.wav,uvlt_2k_t10_i03,appropriate,He met the junior staff today.,2011,-8.788,-23.0,8f7cad686b0f08e4a96fa873ed7dbb45441dc41f0084b14d77e073a6d0538f7b,en-US-Neural2-C,0.9,2026-04-21T03:36:35+00:00,v1.1-2026-04
audio/uvlt_2k_t10_i03_inappropriate.wav,uvlt_2k_t10_i03,inappropriate,He met the junior river today.,1964,-9.199,-23.0,275728a581583a014e0da9f1d811b456b7ffceba7e60daa9be69df343dd83f1b,en-US-Neural2-C,0.9,2026-04-21T03:36:35+00:00,v1.1-2026-04
audio/uvlt_3k_t01_i01_appropriate.wav,uvlt_3k_t01_i01,appropriate,His behavior changed after the meeting.,2568,-8.231,-23.0,9d85c46f1a063fbe695d2ea66b3a1dc828f59ab13e26591f855a0548937adb3f,en-US-Neural2-C,0.9,2026-04-21T03:36:36+00:00,v1.1-2026-04
audio/uvlt_3k_t01_i01_inappropriate.wav,uvlt_3k_t01_i01,inappropriate,His behavior tasted sweet today.,2498,-7.517,-23.0,670f837240d81d1d3f43cfcf04c3bdbb8a4ef18acf11425029dcb492eb84de51,en-US-Neural2-C,0.9,2026-04-21T03:36:37+00:00,v1.1-2026-04
audio/uvlt_3k_t01_i02_appropriate.wav,uvlt_3k_t01_i02,appropriate,The celebration lasted all night long.,2730,-9.376,-23.0,1f17b26c88eb503cd8792d9165c8ceeca446db3b7b3a8b047fca2c4ab7c68385,en-US-Neural2-C,0.9,2026-04-21T03:36:37+00:00,v1.1-2026-04
audio/uvlt_3k_t01_i02_inappropriate.wav,uvlt_3k_t01_i02,inappropriate,The celebration melted all night long.,2730,-9.288,-23.0,2c0008cb49ec3ad1fd67cbf4c8badf76e9b204859b4811b60084746571ee688e,en-US-Neural2-C,0.9,2026-04-21T03:36:38+00:00,v1.1-2026-04
audio/uvlt_3k_t01_i03_appropriate.wav,uvlt_3k_t01_i03,appropriate,Her apology sounded completely sincere.,3032,-7.177,-23.0,2e4e17b2f77321b754dd55385678e1feb989ef0bf7db3b41c69e78279745838c,en-US-Neural2-C,0.9,2026-04-21T03:36:39+00:00,v1.1-2026-04
audio/uvlt_3k_t01_i03_inappropriate.wav,uvlt_3k_t01_i03,inappropriate,Her apology wore a blue coat.,2266,-8.669,-23.0,cdff773077cbff0103f860d365796018fa9f922ef7f58a662aa3dfcbde97e9a0,en-US-Neural2-C,0.9,2026-04-21T03:36:40+00:00,v1.1-2026-04
audio/uvlt_3k_t02_i01_appropriate.wav,uvlt_3k_t02_i01,appropriate,He learned a useful phrase today.,2220,-9.631,-23.0,f0f9ede86e0cdb44c366bc9d16a52d68a45bbb72cda6636030aac90ff30c2a3d,en-US-Neural2-C,0.9,2026-04-21T03:36:40+00:00,v1.1-2026-04
audio/uvlt_3k_t02_i01_inappropriate.wav,uvlt_3k_t02_i01,inappropriate,He learned a happy phrase today.,2104,-9.634,-23.0,4a68aaa7463ef0233ca7f935ef9a4691109deb317a8bf2ae6f1c480eb2563357,en-US-Neural2-C,0.9,2026-04-21T03:36:41+00:00,v1.1-2026-04
audio/uvlt_3k_t02_i03_appropriate.wav,uvlt_3k_t02_i03,appropriate,His wealth grew over many years.,2336,-8.632,-23.0,a080ba1a0bd54c0e954108888fefa0763067d534934c204367eed79fcce74c12,en-US-Neural2-C,0.9,2026-04-21T03:36:42+00:00,v1.1-2026-04
audio/uvlt_3k_t02_i03_inappropriate.wav,uvlt_3k_t02_i03,inappropriate,His wealth played music over many years.,2823,-8.447,-23.0,b31a6b827593ca69cffe48aee5d35670751a8c6cd8fcac5f97ea695bb6dff7e3,en-US-Neural2-C,0.9,2026-04-21T03:36:42+00:00,v1.1-2026-04
audio/uvlt_3k_t03_i01_appropriate.wav,uvlt_3k_t03_i01,appropriate,Modern agriculture supports many small villages.,3566,-9.227,-23.0,672f4ccb6a8e27c62350904ee41fc165fc5435a683c72a0feae89376589e2d65,en-US-Neural2-C,0.9,2026-04-21T03:36:43+00:00,v1.1-2026-04
audio/uvlt_3k_t03_i01_inappropriate.wav,uvlt_3k_t03_i01,inappropriate,Modern agriculture danced in small villages.,3265,-8.79,-23.0,2aaae0c56487a47b2c3cd515754a32f63873ce66f0c62b408cd596204717e483,en-US-Neural2-C,0.9,2026-04-21T03:36:44+00:00,v1.1-2026-04
audio/uvlt_3k_t03_i02_appropriate.wav,uvlt_3k_t03_i02,appropriate,The regime ruled the country harshly.,2591,-9.271,-23.0,d16d77bed9b394bddae34f07718985d099ecaafee5326086545a10bf290cf812,en-US-Neural2-C,0.9,2026-04-21T03:36:44+00:00,v1.1-2026-04
audio/uvlt_3k_t03_i02_inappropriate.wav,uvlt_3k_t03_i02,inappropriate,The regime laughed at the country harshly.,2684,-8.387,-23.0,340fa8e32712ba96cb0b5f41eaf2ad6180bd7c1684846b13d283dd0c4e9678f0,en-US-Neural2-C,0.9,2026-04-21T03:36:45+00:00,v1.1-2026-04
audio/uvlt_3k_t03_i03_appropriate.wav,uvlt_3k_t03_i03,appropriate,The volunteer helped many old people.,2707,-9.231,-23.0,5049b5c02856c4e876fad3df93731bd147c03e5ee09e1c1dc0657098d84bdb99,en-US-Neural2-C,0.9,2026-04-21T03:36:46+00:00,v1.1-2026-04
audio/uvlt_3k_t03_i03_inappropriate.wav,uvlt_3k_t03_i03,inappropriate,The volunteer rusted many old people.,2754,-8.85,-23.0,dffbef6c829e1468c3ae57a2e496fb74530187678861b7e49e28b2909d44fc4a,en-US-Neural2-C,0.9,2026-04-21T03:36:46+00:00,v1.1-2026-04
audio/uvlt_3k_t04_i01_appropriate.wav,uvlt_3k_t04_i01,appropriate,Extreme poverty affects many rural families.,3334,-9.483,-23.0,0b1d85025ee94af274dd5693fd293f1f60f0a077fb6ff2745e912f0d573bb94f,en-US-Neural2-C,0.9,2026-04-21T03:36:50+00:00,v1.1-2026-04
audio/uvlt_3k_t04_i01_inappropriate.wav,uvlt_3k_t04_i01,inappropriate,Extreme poverty eats many rural families.,3172,-9.489,-23.0,5c143014ec1694d708bff7215befa67d7a3fd7edfe789cc2fbf9b1659074142a,en-US-Neural2-C,0.9,2026-04-21T03:36:51+00:00,v1.1-2026-04
audio/uvlt_3k_t04_i02_appropriate.wav,uvlt_3k_t04_i02,appropriate,We should protect our cultural heritage.,2545,-7.709,-23.0,e01ca9b63a281a0a71bbbd84505ddd685f5c6ab4537cd5351082e7ea2a8e5e8e,en-US-Neural2-C,0.9,2026-04-21T03:36:51+00:00,v1.1-2026-04
audio/uvlt_3k_t04_i02_inappropriate.wav,uvlt_3k_t04_i02,inappropriate,We should protect our sleeping heritage.,2545,-8.189,-23.0,2958e70cffdff3af7264f1dd1d86c1d131be3b6235a0dcb9b24f0c2df8aebd4e,en-US-Neural2-C,0.9,2026-04-21T03:36:52+00:00,v1.1-2026-04
audio/uvlt_3k_t04_i03_appropriate.wav,uvlt_3k_t04_i03,appropriate,His skills are a great asset here.,2313,-7.491,-23.0,af156450f9be383970c8763cd063fb54dbf8e754556a60e2cfc7110dd8e0fddb,en-US-Neural2-C,0.9,2026-04-21T03:36:53+00:00,v1.1-2026-04
audio/uvlt_3k_t04_i03_inappropriate.wav,uvlt_3k_t04_i03,inappropriate,His skills are a great eating asset.,2475,-7.092,-23.0,7d44070fded9285b16a41f994f31c344b976d1d39df87d099de594666ab8d589,en-US-Neural2-C,0.9,2026-04-21T03:36:53+00:00,v1.1-2026-04
audio/uvlt_3k_t05_i01_appropriate.wav,uvlt_3k_t05_i01,appropriate,His intelligence helped solve the problem.,2707,-7.537,-23.0,d7b003abf0e66414f1bc5c40328ccc00e50b856b16a04504c0dcaf24cbe588bc,en-US-Neural2-C,0.9,2026-04-21T03:36:54+00:00,v1.1-2026-04
audio/uvlt_3k_t05_i01_inappropriate.wav,uvlt_3k_t05_i01,inappropriate,His intelligence ate dinner in silence.,2754,-8.656,-23.0,30e496a34843fb3b394b455f3e7b5d4ec8e897a0ba99f0b729c14e258872124b,en-US-Neural2-C,0.9,2026-04-21T03:36:55+00:00,v1.1-2026-04
audio/uvlt_3k_t05_i02_appropriate.wav,uvlt_3k_t05_i02,appropriate,They dug a deep pit quickly.,2057,-7.845,-23.0,950d4e209377fbcc1ec7392d896eb21576b87dfb98f2d00fa37c44b39618c034,en-US-Neural2-C,0.9,2026-04-21T03:36:55+00:00,v1.1-2026-04
audio/uvlt_3k_t05_i02_inappropriate.wav,uvlt_3k_t05_i02,inappropriate,They dug a talking pit quickly.,2127,-7.19,-23.0,49f6b2775b89b8c8aa57ac84ab020ad3bd00ad6b93b2d690585e93a6eb3a63de,en-US-Neural2-C,0.9,2026-04-21T03:36:56+00:00,v1.1-2026-04
audio/uvlt_3k_t05_i03_appropriate.wav,uvlt_3k_t05_i03,appropriate,The audience clapped after the show.,2359,-8.504,-23.0,bd2998ab1e0cf5cc271d8b47eb78f17565328ea34b7339bf7b999e7f6f8bbca8,en-US-Neural2-C,0.9,2026-04-21T03:36:57+00:00,v1.1-2026-04
audio/uvlt_3k_t05_i03_inappropriate.wav,uvlt_3k_t05_i03,inappropriate,The audience rusted after the show.,2359,-8.785,-23.0,360fa5c219e2830ee6d068e3edaed6ff0ee947fbbbfc66439f5f17b7a979bb4e,en-US-Neural2-C,0.9,2026-04-21T03:36:57+00:00,v1.1-2026-04
audio/uvlt_3k_t06_i02_appropriate.wav,uvlt_3k_t06_i02,appropriate,Please specify the exact meeting date.,2661,-9.231,-23.0,10ba8f2f7b02ec5dfa9f2493379fffb4ac70313330fa126a5f73a8b6e651847d,en-US-Neural2-C,0.9,2026-04-21T03:36:58+00:00,v1.1-2026-04
audio/uvlt_3k_t06_i02_inappropriate.wav,uvlt_3k_t06_i02,inappropriate,Please specify the exact meeting cloud.,2823,-8.633,-23.0,447b9b4019138e6483328d27d84a17f695c6bb14be37bf03d247784efc01eca9,en-US-Neural2-C,0.9,2026-04-21T03:36:58+00:00,v1.1-2026-04
audio/uvlt_3k_t06_i03_appropriate.wav,uvlt_3k_t06_i03,appropriate,The museum exhibits ancient Greek art.,2777,-8.955,-23.0,9a7d7011ed5fa1765a91715194f53d03b6cad2dfde6caf4834719e70a5a5e8e3,en-US-Neural2-C,0.9,2026-04-21T03:36:59+00:00,v1.1-2026-04
audio/uvlt_3k_t06_i03_inappropriate.wav,uvlt_3k_t06_i03,inappropriate,The museum exhibits ancient Greek dinners.,2916,-9.025,-23.0,b3fe1dab4d4b30d35e55cc2888c6de48b4dab5b131aa05063307f5788bc8a789,en-US-Neural2-C,0.9,2026-04-21T03:37:00+00:00,v1.1-2026-04
audio/uvlt_3k_t07_i01_appropriate.wav,uvlt_3k_t07_i01,appropriate,The police captured the escaped prisoner.,2638,-9.105,-23.0,43398b28e177b4340528fc3669763877d7af99cb07215f989a318360dee601bb,en-US-Neural2-C,0.9,2026-04-21T03:37:01+00:00,v1.1-2026-04
audio/uvlt_3k_t07_i01_inappropriate.wav,uvlt_3k_t07_i01,inappropriate,The police captured the escaped sunrise.,2800,-9.3,-23.0,219fae8f16a9d0d45cac111c8b7574ea14ee9372e03d1b3f7d124665f11d59f3,en-US-Neural2-C,0.9,2026-04-21T03:37:01+00:00,v1.1-2026-04
audio/uvlt_3k_t07_i02_appropriate.wav,uvlt_3k_t07_i02,appropriate,They proceeded to the next room.,1987,-9.124,-23.0,347425a4c436565c1f72f7ee3c6815d7e04e8e385162bca1adcbc9186fc36ef6,en-US-Neural2-C,0.9,2026-04-21T03:37:02+00:00,v1.1-2026-04
audio/uvlt_3k_t07_i02_inappropriate.wav,uvlt_3k_t07_i02,inappropriate,They proceeded to the next song.,2057,-8.264,-23.0,f3efbdda039232be358d0502d1ee72f1936766263aa3b6a9125ada5e1cfecfd4,en-US-Neural2-C,0.9,2026-04-21T03:37:03+00:00,v1.1-2026-04
audio/uvlt_3k_t08_i01_appropriate.wav,uvlt_3k_t08_i01,appropriate,The heavy rain persisted for three days.,2823,-9.825,-23.0,649ceb72bc7676300414033682a36843e3f28713028611a047bee61f6b71a4a0,en-US-Neural2-C,0.9,2026-04-21T03:37:03+00:00,v1.1-2026-04
audio/uvlt_3k_t08_i01_inappropriate.wav,uvlt_3k_t08_i01,inappropriate,The heavy rain persisted for three triangles.,3172,-9.72,-23.0,7cb92d2b1f26ae31aaa3fc0ae12a7fe6644b938081e260d74446ab8f9cf93e4e,en-US-Neural2-C,0.9,2026-04-21T03:37:07+00:00,v1.1-2026-04
audio/uvlt_3k_t08_i02_appropriate.wav,uvlt_3k_t08_i02,appropriate,The cost exceeded our original estimate.,2614,-9.124,-23.0,3f555db544c38761a33f203374effe79e10546e683d092d2dcc020f5a28d5571,en-US-Neural2-C,0.9,2026-04-21T03:37:08+00:00,v1.1-2026-04
audio/uvlt_3k_t08_i02_inappropriate.wav,uvlt_3k_t08_i02,inappropriate,The cost exceeded our original breakfast.,2730,-8.227,-23.0,6830ccc87d4f098cadd41f58add0ecc4533a46929651c4bf1eeee345476e77af,en-US-Neural2-C,0.9,2026-04-21T03:37:08+00:00,v1.1-2026-04
audio/uvlt_3k_t09_i01_appropriate.wav,uvlt_3k_t09_i01,appropriate,Please give an approximate cost today.,2382,-7.411,-23.0,dd751ebc61c018114fee332e4a5ea87e0147bacfb02898d96c9b90b85767e0bb,en-US-Neural2-C,0.9,2026-04-21T03:37:09+00:00,v1.1-2026-04
audio/uvlt_3k_t09_i01_inappropriate.wav,uvlt_3k_t09_i01,inappropriate,Please give an approximate cousin today.,2429,-7.015,-23.0,4e9739557a012e416bc9e4343fdaaab60cfdb25ef566491bc55db398f1c7bd16,en-US-Neural2-C,0.9,2026-04-21T03:37:10+00:00,v1.1-2026-04
audio/uvlt_3k_t09_i02_appropriate.wav,uvlt_3k_t09_i02,appropriate,His prior experience helped him greatly.,2800,-6.568,-23.0,d90b19c19ca25666424c4b56e471ba15feab25f678e5ecb880eb09b05cb81904,en-US-Neural2-C,0.9,2026-04-21T03:37:10+00:00,v1.1-2026-04
audio/uvlt_3k_t09_i02_inappropriate.wav,uvlt_3k_t09_i02,inappropriate,His prior breakfast helped him greatly.,2591,-6.472,-23.0,db9ff3652a819ca28197b13ba467fec06344eb16da66d1650a2f44155598725e,en-US-Neural2-C,0.9,2026-04-21T03:37:11+00:00,v1.1-2026-04
audio/uvlt_3k_t09_i03_appropriate.wav,uvlt_3k_t09_i03,appropriate,The frequent rain damaged our garden.,2684,-8.306,-23.0,981e565198a85a071bce398384e6781e1fac02f2df8e51f37d6d01a23f08c888,en-US-Neural2-C,0.9,2026-04-21T03:37:12+00:00,v1.1-2026-04
audio/uvlt_3k_t09_i03_inappropriate.wav,uvlt_3k_t09_i03,inappropriate,The frequent dream damaged our garden.,2730,-9.499,-23.0,9e271acd8f7a248caff2243e623b45e37a3ae6ca256e856d3c8ac4aa047830cb,en-US-Neural2-C,0.9,2026-04-21T03:37:12+00:00,v1.1-2026-04
audio/uvlt_3k_t10_i01_appropriate.wav,uvlt_3k_t10_i01,appropriate,Her grades have been consistent recently.,2684,-10.552,-23.0,4815105b11336bef9f54ac59d19e0c5840677a8ba9e5dcb16e12d3f704063b1b,en-US-Neural2-C,0.9,2026-04-21T03:37:13+00:00,v1.1-2026-04
audio/uvlt_3k_t10_i01_inappropriate.wav,uvlt_3k_t10_i01,inappropriate,Her grades have been consistent apples.,2521,-10.211,-23.0,963c3f1841c1825e4b328a965d5abe4578b9ec16aba3ecf48f86506b94b71a1e,en-US-Neural2-C,0.9,2026-04-21T03:37:14+00:00,v1.1-2026-04
audio/uvlt_3k_t10_i03_appropriate.wav,uvlt_3k_t10_i03,appropriate,Their mutual respect grew over time.,2754,-9.147,-23.0,11b3a2f909acf5d1c43b5a4fa52f74edd5938d322d50c20cf7a8023c02771ac8,en-US-Neural2-C,0.9,2026-04-21T03:37:14+00:00,v1.1-2026-04
audio/uvlt_3k_t10_i03_inappropriate.wav,uvlt_3k_t10_i03,inappropriate,Their mutual cupboard grew over time.,2661,-9.342,-23.0,0cdd88e2c16bf07cec40bdeb4aa4085928090c799373e78628038930332ee088,en-US-Neural2-C,0.9,2026-04-21T03:37:15+00:00,v1.1-2026-04
audio/uvlt_4k_t01_i01_appropriate.wav,uvlt_4k_t01_i01,appropriate,Doctors say vitamins help your health.,2568,-8.565,-23.0,6067e92931384a2e3a196332e2d29377df4b44f58f17ff0c43ec1eac41379a39,en-US-Neural2-C,0.9,2026-04-21T03:37:16+00:00,v1.1-2026-04
audio/uvlt_4k_t01_i01_inappropriate.wav,uvlt_4k_t01_i01,inappropriate,Doctors say vitamins laugh at night.,2591,-9.113,-23.0,d7e4cbe904a75a39b2fc85c5592cb3606b02ff54888a35cc01542584104fbcd0,en-US-Neural2-C,0.9,2026-04-21T03:37:16+00:00,v1.1-2026-04
audio/uvlt_4k_t01_i02_appropriate.wav,uvlt_4k_t01_i02,appropriate,The bear slept inside the cave.,2196,-8.515,-23.0,6faa6ae5aa1799fb6ec91a153a4a037f39976bc6246bd53df45014ea2c0d09aa,en-US-Neural2-C,0.9,2026-04-21T03:37:20+00:00,v1.1-2026-04
audio/uvlt_4k_t01_i02_inappropriate.wav,uvlt_4k_t01_i02,inappropriate,The bear slept inside the happy cave.,2591,-8.157,-23.0,b8d72ee2ff0fbab3c7a4ab4f8a01a316b0e10e411ac1d6314407cb3144c8c9aa,en-US-Neural2-C,0.9,2026-04-21T03:37:21+00:00,v1.1-2026-04
audio/uvlt_4k_t02_i01_appropriate.wav,uvlt_4k_t02_i01,appropriate,He washed his hands with soap carefully.,2730,-7.888,-23.0,76b7ad196ef1033eb3b20d666dc091498867c38f77546ec7e3b7235307aadcf2,en-US-Neural2-C,0.9,2026-04-21T03:37:21+00:00,v1.1-2026-04
audio/uvlt_4k_t02_i01_inappropriate.wav,uvlt_4k_t02_i01,inappropriate,He washed his hands with angry soap.,2521,-8.245,-23.0,afd6a92ac087d177985293a0811e642d6df14d60b59a65b260aeed1822222b23,en-US-Neural2-C,0.9,2026-04-21T03:37:25+00:00,v1.1-2026-04
audio/uvlt_4k_t02_i02_appropriate.wav,uvlt_4k_t02_i02,appropriate,The tutor taught me some math.,1871,-9.138,-23.0,336941f4bd9302eab910240db6c57a3376b72f7bfcd9fcf3c5bd91b48fede853,en-US-Neural2-C,0.9,2026-04-21T03:37:26+00:00,v1.1-2026-04
audio/uvlt_4k_t02_i02_inappropriate.wav,uvlt_4k_t02_i02,inappropriate,The tutor taught me some clouds.,2220,-8.584,-23.0,f814f136c4aac60e53b1f938bdacb7cccf1db0ab820eadeaf4b526875e9612a4,en-US-Neural2-C,0.9,2026-04-21T03:37:26+00:00,v1.1-2026-04
audio/uvlt_4k_t02_i03_appropriate.wav,uvlt_4k_t02_i03,appropriate,She wore a small diamond ring.,2080,-11.288,-23.0,baf1466c9463d4063c552c1cc646fd41ec0f51dc77fe5a8dcb8e8cfabdcae053,en-US-Neural2-C,0.9,2026-04-21T03:37:27+00:00,v1.1-2026-04
audio/uvlt_4k_t02_i03_inappropriate.wav,uvlt_4k_t02_i03,inappropriate,She wore a sleeping diamond ring.,2173,-11.531,-23.0,743f0d7957bbdb8fabba2b62b6fe8372497e4bfe0f3a1ed8499b99953646af4f,en-US-Neural2-C,0.9,2026-04-21T03:37:28+00:00,v1.1-2026-04
audio/uvlt_4k_t03_i01_appropriate.wav,uvlt_4k_t03_i01,appropriate,The orchestra played the symphony beautifully.,2847,-7.996,-23.0,06cd24b7d65f1764243de3930c5c617558fdb12ac933fded83c64af15911aab1,en-US-Neural2-C,0.9,2026-04-21T03:37:28+00:00,v1.1-2026-04
audio/uvlt_4k_t03_i01_inappropriate.wav,uvlt_4k_t03_i01,inappropriate,The orchestra ate the symphony beautifully.,2754,-7.611,-23.0,48344e2610ceb0d9dcf1a35b3784ca75cbdeee493d30816dba2dfb2f8b810027,en-US-Neural2-C,0.9,2026-04-21T03:37:29+00:00,v1.1-2026-04
audio/uvlt_4k_t03_i02_appropriate.wav,uvlt_4k_t03_i02,appropriate,He dropped a coin into the slot.,2196,-8.813,-23.0,e893ce371413589170d7f769d385bc8c10918f2033e44c7777d842aa99cc1220,en-US-Neural2-C,0.9,2026-04-21T03:37:30+00:00,v1.1-2026-04
audio/uvlt_4k_t03_i02_inappropriate.wav,uvlt_4k_t03_i02,inappropriate,He dropped a coin into the loud slot.,2568,-8.746,-23.0,55dbbb0f72c2a8468adcee8a0ae62980a882c92f6674426c171a0e25ecf9ae5c,en-US-Neural2-C,0.9,2026-04-21T03:37:30+00:00,v1.1-2026-04
audio/uvlt_4k_t03_i03_appropriate.wav,uvlt_4k_t03_i03,appropriate,She found a scrap of paper.,1941,-9.692,-23.0,3a7c0e2afd2840e06b76df58d671a2a24485b3271b12ac8936d6bd82c72ab7f6,en-US-Neural2-C,0.9,2026-04-21T03:37:31+00:00,v1.1-2026-04
audio/uvlt_4k_t03_i03_inappropriate.wav,uvlt_4k_t03_i03,inappropriate,She found a scrap of smile.,2011,-10.082,-23.0,b9bbf88a4c622c6244862e984d569ef4e9ce22206895020cfdd9b35d8ba18875,en-US-Neural2-C,0.9,2026-04-21T03:37:32+00:00,v1.1-2026-04
audio/uvlt_4k_t04_i01_appropriate.wav,uvlt_4k_t04_i01,appropriate,The bread had a hard crust.,2011,-8.379,-23.0,e9792a4fe0e02cebefeb7c75de21e8f24ad5e3814aa4e3534f47a0a92c74b572,en-US-Neural2-C,0.9,2026-04-21T03:37:33+00:00,v1.1-2026-04
audio/uvlt_4k_t04_i01_inappropriate.wav,uvlt_4k_t04_i01,inappropriate,The bread had a quick crust.,2011,-8.418,-23.0,abc9b311efc181d1c3f3913881a010212f61162eda5811f31bb2e69d6186d2b9,en-US-Neural2-C,0.9,2026-04-21T03:37:33+00:00,v1.1-2026-04
audio/uvlt_4k_t04_i02_appropriate.wav,uvlt_4k_t04_i02,appropriate,The jury gave a fair verdict.,2034,-8.863,-23.0,1b875f1d9dbd6e25a899e5ec99d2a2665f0817f757867523285efb706fd1b75f,en-US-Neural2-C,0.9,2026-04-21T03:37:34+00:00,v1.1-2026-04
audio/uvlt_4k_t04_i02_inappropriate.wav,uvlt_4k_t04_i02,inappropriate,The jury gave a sleepy verdict.,2266,-8.715,-23.0,95bfbfea3791c64bfc5ac250c7645c7f53f868b6f188f9365cf768bd365c607b,en-US-Neural2-C,0.9,2026-04-21T03:37:35+00:00,v1.1-2026-04
audio/uvlt_4k_t04_i03_appropriate.wav,uvlt_4k_t04_i03,appropriate,The venue had a beautiful garden.,2243,-10.673,-23.0,b5139f5912175e1dab48669535e5ce0051345a316a2240defaf73f4103ea3720,en-US-Neural2-C,0.9,2026-04-21T03:37:35+00:00,v1.1-2026-04
audio/uvlt_4k_t04_i03_inappropriate.wav,uvlt_4k_t04_i03,inappropriate,The venue had a beautiful appetite.,2382,-10.333,-23.0,fa9969871105abcd511ce868d9025615cf6fd8e3822936cbfe714d12311ef3c7,en-US-Neural2-C,0.9,2026-04-21T03:37:36+00:00,v1.1-2026-04
audio/uvlt_4k_t05_i01_appropriate.wav,uvlt_4k_t05_i01,appropriate,The embassy stands on a busy road.,2568,-9.209,-23.0,9e4e543ea84285228ff4fd884b1db4360bd969d870c2090daa49ddce042a5864,en-US-Neural2-C,0.9,2026-04-21T03:37:36+00:00,v1.1-2026-04
audio/uvlt_4k_t05_i01_inappropriate.wav,uvlt_4k_t05_i01,inappropriate,The embassy eats on a busy road.,2359,-9.072,-23.0,259aecc64cf5c6e7fe0c4504811f71428c1b5ca2aae1c243e48b84e24dfd61da,en-US-Neural2-C,0.9,2026-04-21T03:37:37+00:00,v1.1-2026-04
audio/uvlt_4k_t05_i02_appropriate.wav,uvlt_4k_t05_i02,appropriate,Farmers here grow tobacco every summer.,2777,-9.963,-23.0,4f1a5decd1374e2babe1e690c11e961f25dd53842a08df55d3bf9d71ee4359fa,en-US-Neural2-C,0.9,2026-04-21T03:37:38+00:00,v1.1-2026-04
audio/uvlt_4k_t05_i02_inappropriate.wav,uvlt_4k_t05_i02,inappropriate,Farmers here grow angry tobacco every summer.,3218,-10.572,-23.0,ca709afe35c523309fbf7dc5bd4e061b7f8af92750a0e415218e9ba256940a55,en-US-Neural2-C,0.9,2026-04-21T03:37:38+00:00,v1.1-2026-04
audio/uvlt_4k_t05_i03_appropriate.wav,uvlt_4k_t05_i03,appropriate,They walked down the dark alley.,1918,-10.379,-23.0,756fd9f0f34e8c0efaed2906db0bc673e5fa27f6c86dacb2264f628ebc874282,en-US-Neural2-C,0.9,2026-04-21T03:37:39+00:00,v1.1-2026-04
audio/uvlt_4k_t05_i03_inappropriate.wav,uvlt_4k_t05_i03,inappropriate,They walked down the talking alley.,2011,-10.233,-23.0,d9b671b0604e708f208f121a662c3d552fb1f99a67f7514065f5335b2ff55e54,en-US-Neural2-C,0.9,2026-04-21T03:37:40+00:00,v1.1-2026-04
audio/uvlt_4k_t06_i01_appropriate.wav,uvlt_4k_t06_i01,appropriate,Teachers forbid phones in the classroom.,2754,-8.771,-23.0,b0d09deedf96a0bf971c152d27648d549e812d1228de18d0e4a6c782d2d4cc06,en-US-Neural2-C,0.9,2026-04-21T03:37:41+00:00,v1.1-2026-04
audio/uvlt_4k_t06_i01_inappropriate.wav,uvlt_4k_t06_i01,inappropriate,Teachers forbid clouds in the classroom.,2870,-8.32,-23.0,82f6a593aaa987ab540dc008f5e89694f38f8cd161bdf356a75d357082c100b0,en-US-Neural2-C,0.9,2026-04-21T03:37:41+00:00,v1.1-2026-04
audio/uvlt_4k_t06_i02_appropriate.wav,uvlt_4k_t06_i02,appropriate,The cotton shirt will shrink in water.,2429,-9.641,-23.0,bcbed61257215d101318b1d0448c2ddf3ff4dba9e9e58dc0c1a2f7a585477336,en-US-Neural2-C,0.9,2026-04-21T03:37:42+00:00,v1.1-2026-04
audio/uvlt_4k_t06_i02_inappropriate.wav,uvlt_4k_t06_i02,inappropriate,The cotton shirt will shrink in silence.,2684,-9.593,-23.0,430ba348e2af276cc4b9527739740e69bcdac51b4478118251eac64880e106c1,en-US-Neural2-C,0.9,2026-04-21T03:37:42+00:00,v1.1-2026-04
audio/uvlt_4k_t06_i03_appropriate.wav,uvlt_4k_t06_i03,appropriate,He will fling the ball into the yard.,2243,-10.373,-23.0,c40995301e80e2367e3ebb5248340980763d2e4c17730b7b13d61e12583ef8ac,en-US-Neural2-C,0.9,2026-04-21T03:37:43+00:00,v1.1-2026-04
audio/uvlt_4k_t06_i03_inappropriate.wav,uvlt_4k_t06_i03,inappropriate,He will fling the song into the yard.,2313,-9.939,-23.0,db63ac14e7831d0a151bb69b4608f7903fac70ace2034dbddcbbaa3ea6c48f49,en-US-Neural2-C,0.9,2026-04-21T03:37:44+00:00,v1.1-2026-04
audio/uvlt_4k_t07_i01_appropriate.wav,uvlt_4k_t07_i01,appropriate,The old men often weep at dawn.,2429,-10.397,-23.0,ffcf9a65875f1dc719647c69b174bfbf1c3f57ab1d5ac2463323bfd0a0e5925e,en-US-Neural2-C,0.9,2026-04-21T03:37:44+00:00,v1.1-2026-04
audio/uvlt_4k_t07_i01_inappropriate.wav,uvlt_4k_t07_i01,inappropriate,The old tables often weep at dawn.,2638,-9.257,-23.0,5cbed7c29fe0fe9ce09255901f20321ac153a291ce787cbe2786b12a8fa3d6a6,en-US-Neural2-C,0.9,2026-04-21T03:37:45+00:00,v1.1-2026-04
audio/uvlt_4k_t07_i02_appropriate.wav,uvlt_4k_t07_i02,appropriate,She disclosed the news very quickly.,2521,-9.909,-23.0,4d83ca82870717548e3e9516fc8da7e523d5b4c485616b0361896c964561ce70,en-US-Neural2-C,0.9,2026-04-21T03:37:46+00:00,v1.1-2026-04
audio/uvlt_4k_t07_i02_inappropriate.wav,uvlt_4k_t07_i02,inappropriate,She disclosed the tree very quickly.,2545,-8.208,-23.0,05c01684f2b8597c9db205cf340f9c18c876cbff6392dac8151cd116d03a67b1,en-US-Neural2-C,0.9,2026-04-21T03:37:46+00:00,v1.1-2026-04
audio/uvlt_4k_t07_i03_appropriate.wav,uvlt_4k_t07_i03,appropriate,Press the button to activate the alarm.,2405,-7.168,-23.0,0e73f7bf65512222fdcdd25d841c667df71d27672edcd997b9f35d5189ceab87,en-US-Neural2-C,0.9,2026-04-21T03:37:47+00:00,v1.1-2026-04
audio/uvlt_4k_t07_i03_inappropriate.wav,uvlt_4k_t07_i03,inappropriate,Press the button to activate the cloud.,2382,-6.503,-23.0,15bcedabd14adf0d60818d97286b060489e08bac79a8f1ee42be6e03f728c8fa,en-US-Neural2-C,0.9,2026-04-21T03:37:48+00:00,v1.1-2026-04
audio/uvlt_4k_t08_i01_appropriate.wav,uvlt_4k_t08_i01,appropriate,The bomb exploded in the old car.,2452,-8.46,-23.0,c4e9c5813a478f3bb45652ee461d7f62c15e881a183e95ceb6f06f6b78e15247,en-US-Neural2-C,0.9,2026-04-21T03:37:48+00:00,v1.1-2026-04
audio/uvlt_4k_t08_i01_inappropriate.wav,uvlt_4k_t08_i01,inappropriate,The bomb exploded in the loud song.,2614,-8.383,-23.0,9fda77e2419200c52ddc899ba6d053c87002378ee7d9f1aafb93ef6561d8c39d,en-US-Neural2-C,0.9,2026-04-21T03:37:49+00:00,v1.1-2026-04
audio/uvlt_4k_t08_i02_appropriate.wav,uvlt_4k_t08_i02,appropriate,His energy diminished after the long walk.,2847,-8.995,-23.0,30c5b3395cfe2a933cc3b609ddf84d366a90b46504e995bad713ba19f813069e,en-US-Neural2-C,0.9,2026-04-21T03:37:50+00:00,v1.1-2026-04
audio/uvlt_4k_t08_i02_inappropriate.wav,uvlt_4k_t08_i02,inappropriate,His energy diminished after the long bread.,2847,-8.555,-23.0,ab9692f5b206d3597f0b0fe49f4cf850d2c12d3dff90775b3694de40e5392d83,en-US-Neural2-C,0.9,2026-04-21T03:37:50+00:00,v1.1-2026-04
audio/uvlt_4k_t08_i03_appropriate.wav,uvlt_4k_t08_i03,appropriate,Doctors transplanted the heart on Tuesday.,2963,-8.985,-23.0,073ffc91bbaa83ebee040850e5e7dbeddb574e3a0d4816096ffa24a2766fefa9,en-US-Neural2-C,0.9,2026-04-21T03:37:51+00:00,v1.1-2026-04
audio/uvlt_4k_t08_i03_inappropriate.wav,uvlt_4k_t08_i03,inappropriate,Doctors transplanted the story on Tuesday.,3102,-9.297,-23.0,e17bf18d39747ace99a96dad2af58cdfdb665fce0e06d20d438bfa5c698e21ce,en-US-Neural2-C,0.9,2026-04-21T03:37:52+00:00,v1.1-2026-04
audio/uvlt_4k_t09_i01_appropriate.wav,uvlt_4k_t09_i01,appropriate,The shop is adjacent to the bank.,2127,-10.275,-23.0,22cba9fc96206a8f7c95a1b8c829baecd874b67096f2b3a95d28081bae14feb9,en-US-Neural2-C,0.9,2026-04-21T03:37:52+00:00,v1.1-2026-04
audio/uvlt_4k_t09_i01_inappropriate.wav,uvlt_4k_t09_i01,inappropriate,The shop is adjacent to the dream.,2220,-10.617,-23.0,8f2a7066f7765264fb51574f60e431070b6f93978d6fa3a594fc4e4c81da8aa1,en-US-Neural2-C,0.9,2026-04-21T03:37:53+00:00,v1.1-2026-04
audio/uvlt_4k_t09_i02_appropriate.wav,uvlt_4k_t09_i02,appropriate,The doctor said he was sane.,1964,-8.387,-23.0,5bbd79d2990cde138a8372546bccad422ce2c0e64ca62642a97aa967bdd79bdd,en-US-Neural2-C,0.9,2026-04-21T03:37:54+00:00,v1.1-2026-04
audio/uvlt_4k_t09_i02_inappropriate.wav,uvlt_4k_t09_i02,inappropriate,The doctor said he was sane bread.,2313,-9.024,-23.0,46f03ed23f633c8f6b0425c8954068a1414742f48e0be1e83bcc8e7c933634e9,en-US-Neural2-C,0.9,2026-04-21T03:37:54+00:00,v1.1-2026-04
audio/uvlt_4k_t09_i03_appropriate.wav,uvlt_4k_t09_i03,appropriate,The swift horse won the race.,2104,-8.586,-23.0,33b496ddfa9820317e451694f5df5fb18e6bade1b14b86d4d6b6bad0257a4c43,en-US-Neural2-C,0.9,2026-04-21T03:37:55+00:00,v1.1-2026-04
audio/uvlt_4k_t09_i03_inappropriate.wav,uvlt_4k_t09_i03,inappropriate,The swift idea won the race.,2196,-10.008,-23.0,ca7f6b302df1c3858e4db369533f54fbcaf9b89afcce493b0661d86c9892ed32,en-US-Neural2-C,0.9,2026-04-21T03:37:56+00:00,v1.1-2026-04
audio/uvlt_4k_t10_i01_appropriate.wav,uvlt_4k_t10_i01,appropriate,His story seemed credible at first.,2545,-7.283,-23.0,557a1a69b4842f93135bc87dc165027b22a2e4783df1c2c10f1ca2174e907620,en-US-Neural2-C,0.9,2026-04-21T03:37:56+00:00,v1.1-2026-04
audio/uvlt_4k_t10_i01_inappropriate.wav,uvlt_4k_t10_i01,inappropriate,His pizza seemed credible at first.,2545,-7.415,-23.0,ca81d437790d5dea7fe8a5545066ceffcfb05054a17402b45ed489d92fea0833,en-US-Neural2-C,0.9,2026-04-21T03:37:57+00:00,v1.1-2026-04
audio/uvlt_4k_t10_i02_appropriate.wav,uvlt_4k_t10_i02,appropriate,The greasy food made her sick.,2127,-7.553,-23.0,562e619f5ae04e674b126d76d919ce375dcbf43bddcbba7098afab71cf8b97bf,en-US-Neural2-C,0.9,2026-04-21T03:37:58+00:00,v1.1-2026-04
audio/uvlt_4k_t10_i02_inappropriate.wav,uvlt_4k_t10_i02,inappropriate,The greasy sound made her sick.,2266,-9.436,-23.0,56d27c43cfb7f54b80782bd49d261599aef95928d58332577fca5134b266f099,en-US-Neural2-C,0.9,2026-04-21T03:37:59+00:00,v1.1-2026-04
audio/uvlt_4k_t10_i03_appropriate.wav,uvlt_4k_t10_i03,appropriate,The abnormal test result surprised her.,2916,-8.977,-23.0,6d6e2e31324f360881369980146b151089a508aea02e4d0c6a4a48669ce4e337,en-US-Neural2-C,0.9,2026-04-21T03:37:59+00:00,v1.1-2026-04
audio/uvlt_4k_t10_i03_inappropriate.wav,uvlt_4k_t10_i03,inappropriate,The abnormal sunset surprised her.,2684,-9.802,-23.0,2b6564aec0d339356938319b01723480aacfb7303c52ffe5c1f870a8b527907b,en-US-Neural2-C,0.9,2026-04-21T03:38:00+00:00,v1.1-2026-04
audio/uvlt_5k_t01_i01_appropriate.wav,uvlt_5k_t01_i01,appropriate,His mustache was long and black.,2405,-8.514,-23.0,9ee3aaff8e0af5eb2f236f717869cf2eec58b80c8d4a48d6ba7c3edef232e5e4,en-US-Neural2-C,0.9,2026-04-21T03:38:01+00:00,v1.1-2026-04
audio/uvlt_5k_t01_i01_inappropriate.wav,uvlt_5k_t01_i01,inappropriate,His mustache was long and angry.,2521,-8.688,-23.0,2c04c53b08c2b49c58e801b389c46d8cbb33b8a2eb426820605d8597692bdce2,en-US-Neural2-C,0.9,2026-04-21T03:38:01+00:00,v1.1-2026-04
audio/uvlt_5k_t01_i02_appropriate.wav,uvlt_5k_t01_i02,appropriate,This island feels like a paradise.,2521,-7.364,-23.0,075d95c55226be41b0a0d529ea618c54dd2b024d5d10c8e9e66c1d8ac45eb4ed,en-US-Neural2-C,0.9,2026-04-21T03:38:02+00:00,v1.1-2026-04
audio/uvlt_5k_t01_i02_inappropriate.wav,uvlt_5k_t01_i02,inappropriate,This island feels like a sleeping paradise.,3009,-7.106,-23.0,e02c19fdca68942626323c46d370287e69cd41455e23208a05bedf47f518dc76,en-US-Neural2-C,0.9,2026-04-21T03:38:03+00:00,v1.1-2026-04
audio/uvlt_5k_t01_i03_appropriate.wav,uvlt_5k_t01_i03,appropriate,She baked a sweet pastry today.,2243,-8.568,-23.0,7165ed81518ee5de23a54beefa9ca257b233180d0925a606d3a034d5e2a8fc30,en-US-Neural2-C,0.9,2026-04-21T03:38:03+00:00,v1.1-2026-04
audio/uvlt_5k_t01_i03_inappropriate.wav,uvlt_5k_t01_i03,inappropriate,She baked a loud pastry today.,2266,-8.879,-23.0,ebbf32b42d232b163fabd590b72b3b621f843c9059bf02771438521265dee9f7,en-US-Neural2-C,0.9,2026-04-21T03:38:04+00:00,v1.1-2026-04
audio/uvlt_5k_t02_i01_appropriate.wav,uvlt_5k_t02_i01,appropriate,She put flowers in the vase.,2034,-10.057,-23.0,c3c33ab75132ac3159c98c66b5c834b2a877bc48843bebe3a09c11b8be848451,en-US-Neural2-C,0.9,2026-04-21T03:38:05+00:00,v1.1-2026-04
audio/uvlt_5k_t02_i01_inappropriate.wav,uvlt_5k_t02_i01,inappropriate,She put flowers in the loud vase.,2475,-9.629,-23.0,7a278366aa2a3162493863b361d4e84d63bf45d53134d412432d73c31aa97ae7,en-US-Neural2-C,0.9,2026-04-21T03:38:05+00:00,v1.1-2026-04
audio/uvlt_5k_t02_i02_appropriate.wav,uvlt_5k_t02_i02,appropriate,She played a beautiful chord softly.,2475,-9.137,-23.0,4c28a574567f20b4c4f8ca451077d410a63f7ab7ec1bbe1c0726d84df9212a1e,en-US-Neural2-C,0.9,2026-04-21T03:38:06+00:00,v1.1-2026-04
audio/uvlt_5k_t02_i02_inappropriate.wav,uvlt_5k_t02_i02,inappropriate,She played a talking chord softly.,2405,-9.049,-23.0,c7820712e3d7d3419d0e0f68a667a7f5cd533d8035e008fc6f92cd13e3213665,en-US-Neural2-C,0.9,2026-04-21T03:38:07+00:00,v1.1-2026-04
audio/uvlt_5k_t02_i03_appropriate.wav,uvlt_5k_t02_i03,appropriate,She drew a large rectangle carefully.,2614,-9.393,-23.0,237f19287f2cf474138028a9cfc80f5fb1f530f514062684f685306f11dfb86a,en-US-Neural2-C,0.9,2026-04-21T03:38:08+00:00,v1.1-2026-04
audio/uvlt_5k_t02_i03_inappropriate.wav,uvlt_5k_t02_i03,inappropriate,She drew a talking rectangle carefully.,2661,-9.001,-23.0,26321170a3a70ef87853059d1f5eb5a6bfdaceeefa65a9f5d6267b082ca7609d,en-US-Neural2-C,0.9,2026-04-21T03:38:08+00:00,v1.1-2026-04
audio/uvlt_5k_t03_i01_appropriate.wav,uvlt_5k_t03_i01,appropriate,He squeezed a fresh green lime.,2266,-10.392,-23.0,235a3ae27a5e5e425f840a3834ff2b781d61f07de6a03c7ef9d832d1e4482748,en-US-Neural2-C,0.9,2026-04-21T03:38:09+00:00,v1.1-2026-04
audio/uvlt_5k_t03_i01_inappropriate.wav,uvlt_5k_t03_i01,inappropriate,He squeezed a fresh talking lime.,2336,-9.903,-23.0,63949db238ee44878f7dd45ec313984c05538934079d4bc30e3625b243318098,en-US-Neural2-C,0.9,2026-04-21T03:38:10+00:00,v1.1-2026-04
audio/uvlt_5k_t03_i02_appropriate.wav,uvlt_5k_t03_i02,appropriate,The hum of the engine stopped.,1918,-8.246,-23.0,2647b86e4459cc0388b692efb398307a78418316264dfe44696206b2770684a4,en-US-Neural2-C,0.9,2026-04-21T03:38:10+00:00,v1.1-2026-04
audio/uvlt_5k_t03_i02_inappropriate.wav,uvlt_5k_t03_i02,inappropriate,The hum of the engine cried.,1964,-8.376,-23.0,98b69f0c097c10a928ea841c339045c04226ed39bdbf6f5de4c2f9d2d2ca9f1c,en-US-Neural2-C,0.9,2026-04-21T03:38:11+00:00,v1.1-2026-04
audio/uvlt_5k_t03_i03_appropriate.wav,uvlt_5k_t03_i03,appropriate,They cooked pork for the party.,1964,-8.719,-23.0,b495c1f5667fc248b816a9b28ba2d01761460bb8916f85c1bbf9b4e8f638077d,en-US-Neural2-C,0.9,2026-04-21T03:38:12+00:00,v1.1-2026-04
audio/uvlt_5k_t03_i03_inappropriate.wav,uvlt_5k_t03_i03,inappropriate,They cooked talking pork for the party.,2336,-8.414,-23.0,434bb138edef780d2b9bc1e628e3b988328a94445734a9b25e88bb2cad60a8d4,en-US-Neural2-C,0.9,2026-04-21T03:38:12+00:00,v1.1-2026-04
audio/uvlt_5k_t04_i01_appropriate.wav,uvlt_5k_t04_i01,appropriate,She wore a sweet perfume tonight.,2220,-10.497,-23.0,6b5eede4e4020a6048e9a618c934a9bb8401b408e7d8438442d68ee2f4dc79f9,en-US-Neural2-C,0.9,2026-04-21T03:38:13+00:00,v1.1-2026-04
audio/uvlt_5k_t04_i01_inappropriate.wav,uvlt_5k_t04_i01,inappropriate,She wore a loud perfume tonight.,2243,-10.827,-23.0,6ef91b8a4a154e87b1cd0b9875f4e1344f39017738bc62e06c292bbee0586cc6,en-US-Neural2-C,0.9,2026-04-21T03:38:17+00:00,v1.1-2026-04
audio/uvlt_5k_t04_i02_appropriate.wav,uvlt_5k_t04_i02,appropriate,The wizard cast a long spell.,2359,-7.628,-23.0,f7861b675750cc721c9fd9e60076e819b22157bb9d1ef5b4c1d3e8221de78c42,en-US-Neural2-C,0.9,2026-04-21T03:38:17+00:00,v1.1-2026-04
audio/uvlt_5k_t04_i02_inappropriate.wav,uvlt_5k_t04_i02,inappropriate,The wizard cast a sleeping spell carefully.,2963,-7.43,-23.0,730ee6d81436e524df7274774c99fe07a7265fea308ebb65936b0dc9f4f51be6,en-US-Neural2-C,0.9,2026-04-21T03:38:18+00:00,v1.1-2026-04
audio/uvlt_5k_t04_i03_appropriate.wav,uvlt_5k_t04_i03,appropriate,This small church feels like a sanctuary.,2893,-6.664,-23.0,702567a9eff951fd540223d5863b0f252f7e4858589a86133c7c05aa83fc1a55,en-US-Neural2-C,0.9,2026-04-21T03:38:19+00:00,v1.1-2026-04
audio/uvlt_5k_t04_i03_inappropriate.wav,uvlt_5k_t04_i03,inappropriate,This small church feels like a loud sanctuary.,3265,-6.588,-23.0,d33537225a1713189dfe1d418baa5a85af4c640647eba65b44561f8a0736c73e,en-US-Neural2-C,0.9,2026-04-21T03:38:19+00:00,v1.1-2026-04
audio/uvlt_5k_t05_i01_appropriate.wav,uvlt_5k_t05_i01,appropriate,The plane reached a very high altitude.,2521,-10.109,-23.0,28013bdb8dad17408685c857d597e0762defe3055f55a246711d20047ef853c7,en-US-Neural2-C,0.9,2026-04-21T03:38:20+00:00,v1.1-2026-04
audio/uvlt_5k_t05_i01_inappropriate.wav,uvlt_5k_t05_i01,inappropriate,The plane reached a very happy altitude.,2661,-9.751,-23.0,fc075a22e5dc9ff28face4f74348cff1c746cf63af7af1a9461948acb61a55a1,en-US-Neural2-C,0.9,2026-04-21T03:38:21+00:00,v1.1-2026-04
audio/uvlt_5k_t05_i02_appropriate.wav,uvlt_5k_t05_i02,appropriate,She wore a long white robe.,2104,-11.941,-23.0,9dccd84af5f6236e802b029c3167f31ca0867ef4dd16fa9e37e1eb64b47966d5,en-US-Neural2-C,0.9,2026-04-21T03:38:21+00:00,v1.1-2026-04
audio/uvlt_5k_t05_i02_inappropriate.wav,uvlt_5k_t05_i02,inappropriate,She wore a long talking robe.,2127,-11.704,-23.0,96e54c34145b0e7c321db2581495b5528cf0b81d84b70e7ed7ca1edbeac1401f,en-US-Neural2-C,0.9,2026-04-21T03:38:22+00:00,v1.1-2026-04
audio/uvlt_5k_t05_i03_appropriate.wav,uvlt_5k_t05_i03,appropriate,The pirate attacked the small ship.,2336,-8.149,-23.0,109f726043af209a8e2d1cdd7148f50ca197b19087c7a2b9cd7f69b6c18d395a,en-US-Neural2-C,0.9,2026-04-21T03:38:23+00:00,v1.1-2026-04
audio/uvlt_5k_t05_i03_inappropriate.wav,uvlt_5k_t05_i03,inappropriate,The pirate melted the small ship.,2336,-8.965,-23.0,13b0328fa2a99f69494d062c62ed449813c5695259644d4580b4f7e7e5713fef,en-US-Neural2-C,0.9,2026-04-21T03:38:23+00:00,v1.1-2026-04
audio/uvlt_5k_t06_i01_appropriate.wav,uvlt_5k_t06_i01,appropriate,Please notify the staff about this change.,2707,-8.589,-23.0,a5ffc08069c60536b7f7fe8acc5b697c093d7cd3abba5261457bc2624725ecd6,en-US-Neural2-C,0.9,2026-04-21T03:38:24+00:00,v1.1-2026-04
audio/uvlt_5k_t06_i01_inappropriate.wav,uvlt_5k_t06_i01,inappropriate,Please notify the staff about this sunset.,2730,-8.061,-23.0,f60c088b9316e3ead375a3128cb4f8aa8afa780b6bf53a236de77864a124779e,en-US-Neural2-C,0.9,2026-04-21T03:38:25+00:00,v1.1-2026-04
audio/uvlt_5k_t06_i02_appropriate.wav,uvlt_5k_t06_i02,appropriate,He intruded into their private meeting.,2475,-7.92,-23.0,828ccaa33409f72b1b9ca5dcc27eb14a0694cec202ff6f701ff54e1d2960aafc,en-US-Neural2-C,0.9,2026-04-21T03:38:25+00:00,v1.1-2026-04
audio/uvlt_5k_t06_i02_inappropriate.wav,uvlt_5k_t06_i02,inappropriate,He intruded into their private cookie.,2475,-7.584,-23.0,4a23c1ca98bb262b45a6606f8ccf40ce50b2aff82679497435986d5ea821249e,en-US-Neural2-C,0.9,2026-04-21T03:38:26+00:00,v1.1-2026-04
audio/uvlt_5k_t06_i03_appropriate.wav,uvlt_5k_t06_i03,appropriate,She erased the old notes carefully.,2475,-9.212,-23.0,fbcfa63f80c66c26ce3f7ded2e6e29dbea2d63482608d145f477273ea683b018,en-US-Neural2-C,0.9,2026-04-21T03:38:26+00:00,v1.1-2026-04
audio/uvlt_5k_t06_i03_inappropriate.wav,uvlt_5k_t06_i03,inappropriate,She erased the old storms carefully.,2684,-8.107,-23.0,839898f7b0e6c0b50098f83261f2f2ebb8a5dd31d85850737221669dba07af92,en-US-Neural2-C,0.9,2026-04-21T03:38:27+00:00,v1.1-2026-04
audio/uvlt_5k_t07_i01_appropriate.wav,uvlt_5k_t07_i01,appropriate,He shredded the old papers quickly.,2405,-9.692,-23.0,a77b6a145323146fbb61f0b11ec043c83543cba7d39e559fc1e73c39e65a3cb7,en-US-Neural2-C,0.9,2026-04-21T03:38:28+00:00,v1.1-2026-04
audio/uvlt_5k_t07_i01_inappropriate.wav,uvlt_5k_t07_i01,inappropriate,He shredded the old dreams quickly.,2405,-9.749,-23.0,dbd3287424b87cfb745e890cc965cc23641b55fedc582e3bbbcadf9e9fa30a00,en-US-Neural2-C,0.9,2026-04-21T03:38:29+00:00,v1.1-2026-04
audio/uvlt_5k_t07_i02_appropriate.wav,uvlt_5k_t07_i02,appropriate,Her visa expired last month already.,2684,-10.066,-23.0,f468b9b6547d3ba8c7e78a36e22724e542e119c87f526459dd9cf18bae51b346,en-US-Neural2-C,0.9,2026-04-21T03:38:29+00:00,v1.1-2026-04
audio/uvlt_5k_t07_i02_inappropriate.wav,uvlt_5k_t07_i02,inappropriate,Her song expired last month already.,2661,-10.489,-23.0,8d1c16164f006f68f2f9980f38debfc652f2287b6473735a91556ca033a3c68b,en-US-Neural2-C,0.9,2026-04-21T03:38:30+00:00,v1.1-2026-04
audio/uvlt_5k_t07_i03_appropriate.wav,uvlt_5k_t07_i03,appropriate,She meditated quietly in her room.,2498,-7.398,-23.0,e7a790e8e3a7370f8fede2e9d1df4d6c4425c5edfdd125e67a80c16040f82d49,en-US-Neural2-C,0.9,2026-04-21T03:38:30+00:00,v1.1-2026-04
audio/uvlt_5k_t07_i03_inappropriate.wav,uvlt_5k_t07_i03,inappropriate,She meditated loudly in her room.,2405,-7.743,-23.0,7178e12114a0710b2b3feca4fa3e1ccb1994fd83c0cd18bd22b987900be7a1c5,en-US-Neural2-C,0.9,2026-04-21T03:38:31+00:00,v1.1-2026-04
audio/uvlt_5k_t08_i01_appropriate.wav,uvlt_5k_t08_i01,appropriate,The spark ignited the old newspaper.,2614,-11.559,-23.0,e453b9713d00de15b0a90680bbcd5c513926816e2d1bd1c42d48e851b5d8e9da,en-US-Neural2-C,0.9,2026-04-21T03:38:32+00:00,v1.1-2026-04
audio/uvlt_5k_t08_i01_inappropriate.wav,uvlt_5k_t08_i01,inappropriate,The spark ignited the old dream.,2429,-11.54,-23.0,44205a5022c7ce47d94d98ebf2d55f799c9294b5dafb2d5f44798ba2bfdf7e88,en-US-Neural2-C,0.9,2026-04-21T03:38:32+00:00,v1.1-2026-04
audio/uvlt_5k_t08_i02_appropriate.wav,uvlt_5k_t08_i02,appropriate,They swapped seats during the movie.,2150,-9.503,-23.0,67b695fade6eca8f6346f45827b124885b21069bf6eeb5e256a13aae209a7f28,en-US-Neural2-C,0.9,2026-04-21T03:38:33+00:00,v1.1-2026-04
audio/uvlt_5k_t08_i02_inappropriate.wav,uvlt_5k_t08_i02,inappropriate,They swapped clouds during the movie.,2289,-10.133,-23.0,bf2f9ce12206b93beda26f38f30bd19aecec97ca50d7af314d3f1428a9efa4ce,en-US-Neural2-C,0.9,2026-04-21T03:38:34+00:00,v1.1-2026-04
audio/uvlt_5k_t08_i03_appropriate.wav,uvlt_5k_t08_i03,appropriate,The sharp nail pierced his old shoe.,2661,-10.673,-23.0,7335a6347db1657f2ccf9c2ab7cd7572f8467e77e14dc9283a22dcf8a633725a,en-US-Neural2-C,0.9,2026-04-21T03:38:34+00:00,v1.1-2026-04
audio/uvlt_5k_t08_i03_inappropriate.wav,uvlt_5k_t08_i03,inappropriate,The sharp nail pierced his old song.,2684,-10.318,-23.0,760f841fc5deb8c226980ba3da050f6fe73b4f9e82c514608d91c7a5d9ca996e,en-US-Neural2-C,0.9,2026-04-21T03:38:35+00:00,v1.1-2026-04
audio/uvlt_5k_t09_i01_appropriate.wav,uvlt_5k_t09_i01,appropriate,The tranquil lake glowed in moonlight.,2591,-10.61,-23.0,e649320c74c38bc62366af1c49f60f26c2ac5418eeb8c62ea49e75f4a89bae5c,en-US-Neural2-C,0.9,2026-04-21T03:38:35+00:00,v1.1-2026-04
audio/uvlt_5k_t09_i01_inappropriate.wav,uvlt_5k_t09_i01,inappropriate,The tranquil argument glowed in moonlight.,2870,-10.65,-23.0,5c75214195a0aa886fc906ea48d26427129b0e017512d5182d0528ec0700a230,en-US-Neural2-C,0.9,2026-04-21T03:38:36+00:00,v1.1-2026-04
audio/uvlt_5k_t09_i02_appropriate.wav,uvlt_5k_t09_i02,appropriate,The bald man waved at us.,2104,-8.982,-23.0,e280e7a6f17eb52957dc49f04415f47f680505f215821a12dbc740f287f0f898,en-US-Neural2-C,0.9,2026-04-21T03:38:37+00:00,v1.1-2026-04
audio/uvlt_5k_t09_i02_inappropriate.wav,uvlt_5k_t09_i02,inappropriate,The bald rainbow waved at us.,2313,-9.635,-23.0,e84b79848ac3276c17595b009a2abcb845d8cd4ad48125f916a909497465e0d1,en-US-Neural2-C,0.9,2026-04-21T03:38:37+00:00,v1.1-2026-04
audio/uvlt_5k_t09_i03_appropriate.wav,uvlt_5k_t09_i03,appropriate,The moist cake tasted very good.,2521,-9.203,-23.0,0fa0a0810562cc394acad7a98cf970fdea05793dc145441c74354f54581a7bf1,en-US-Neural2-C,0.9,2026-04-21T03:38:38+00:00,v1.1-2026-04
audio/uvlt_5k_t09_i03_inappropriate.wav,uvlt_5k_t09_i03,inappropriate,The moist idea tasted very good.,2684,-9.299,-23.0,c0594cfe29a5b92dc4b0cd9fb115f0556a80701df4659fe64019adb9ddfa2264,en-US-Neural2-C,0.9,2026-04-21T03:38:38+00:00,v1.1-2026-04
audio/uvlt_5k_t10_i01_appropriate.wav,uvlt_5k_t10_i01,appropriate,The tame fox came closer quietly.,2754,-9.188,-23.0,96d954e7456793184b57cda2355032311f83e4c85061635810babf0113034bdb,en-US-Neural2-C,0.9,2026-04-21T03:38:39+00:00,v1.1-2026-04
audio/uvlt_5k_t10_i01_inappropriate.wav,uvlt_5k_t10_i01,inappropriate,The tame number came closer quietly.,2684,-10.543,-23.0,f0a2977b3eb16f4ecd26b2d3cc3c5624acf88a3cbdc0b884d5dbc2aa78e8b9ad,en-US-Neural2-C,0.9,2026-04-21T03:38:40+00:00,v1.1-2026-04
audio/uvlt_5k_t10_i03_appropriate.wav,uvlt_5k_t10_i03,appropriate,His prudent choice saved the family.,2521,-8.015,-23.0,cdd1c5ba1d3318ea896285e5a27ca6dcfeed3f3444bfbba7b04889461527f068,en-US-Neural2-C,0.9,2026-04-21T03:38:40+00:00,v1.1-2026-04
audio/uvlt_5k_t10_i03_inappropriate.wav,uvlt_5k_t10_i03,inappropriate,His prudent carrot saved the family.,2568,-7.59,-23.0,bdc8bc14ceea772bbe914f45c21a602c2d5f229e3452bec4132a836c953e8762,en-US-Neural2-C,0.9,2026-04-21T03:38:41+00:00,v1.1-2026-04
