item_id,target_word,target_level,target_POS,tested_sense_desc,condition,foil_type,foil_subtype,review_priority,ljt_eligibility,sentence_text,syntactic_frame,rationale,known_risks,llm_draft_version
uvlt_1k_t01_i01,price,1K,noun,cost,appropriate,NA,,routine,eligible,The price of milk is low.,N-subj_copula_AdjP,cost sense forced by copula+gradable adj 'low'; price is +abstract/-animate so 'sounds angry' violates animacy/emotional predicate,,claude-opus-drafting-v1-2026-04-19
uvlt_1k_t01_i01,price,1K,noun,cost,inappropriate,a_selectional,a_selectional,routine,eligible,The price of milk sounds angry.,N-subj_copula_AdjP,price is -animate/-sentient; predicate 'sounds angry' requires +sentient subject,,claude-opus-drafting-v1-2026-04-19
uvlt_1k_t01_i02,photograph,1K,noun,picture,appropriate,NA,,routine,eligible,She showed me an old photograph.,SVO,picture sense forced by 'old' + transfer verb 'show',,claude-opus-drafting-v1-2026-04-19
uvlt_1k_t01_i02,photograph,1K,noun,picture,inappropriate,a_selectional,a_selectional,routine,eligible,She ate an old photograph happily.,SVO,photograph is -edible; 'eat' requires +edible direct object,,claude-opus-drafting-v1-2026-04-19
uvlt_1k_t01_i03,garden,1K,noun,place where things grow outside,appropriate,NA,,routine,eligible,Flowers grew in the small garden.,SV-PP,place-where-things-grow sense forced by 'flowers grew in',,claude-opus-drafting-v1-2026-04-19
uvlt_1k_t01_i03,garden,1K,noun,place where things grow outside,inappropriate,a_selectional,a_selectional,routine,eligible,Flowers grew in the loud garden.,SV-PP,garden (place) is -audible; adj 'loud' requires +audible modified noun,,claude-opus-drafting-v1-2026-04-19
uvlt_1k_t02_i01,eye,1K,noun,body part that sees,appropriate,NA,,careful,careful,The baby opened her right eye.,SVO,body-part sense forced by 'right' + 'opened',"careful item: eye is polysemous (needle eye, storm eye). Target preserved.",claude-opus-drafting-v1-2026-04-19
uvlt_1k_t02_i01,eye,1K,noun,body part that sees,inappropriate,b_collocation,b_collocation,careful,careful,The baby measured her right eye.,SVO,verb 'measure' + direct obj 'eye' is non-collocate; 'open/close/rub/shut eye' standard,"careful item: eye is polysemous (needle eye, storm eye). Target preserved.",claude-opus-drafting-v1-2026-04-19
uvlt_1k_t02_i02,father,1K,noun,parent who is a man,appropriate,NA,,careful,careful,Her father works on Saturdays.,SV-PP,parent-who-is-a-man forced by possessive + temporal adjunct,borderline: 'melt' can metaphorically apply to people (heart melts) — risk partial foil rescue; flag for reviewer,claude-opus-drafting-v1-2026-04-19
uvlt_1k_t02_i02,father,1K,noun,parent who is a man,inappropriate,b_collocation,b_collocation,careful,careful,Her father melts on Saturdays.,SV-PP,father (human) + 'melts' is non-collocate; melt is -human_subject typical,borderline: 'melt' can metaphorically apply to people (heart melts) — risk partial foil rescue; flag for reviewer,claude-opus-drafting-v1-2026-04-19
uvlt_1k_t02_i03,night,1K,noun,part of the day with no sun,appropriate,NA,,routine,eligible,She reads books every cold night.,SVO-temporal,part-of-day-with-no-sun forced by temporal reading + modifier 'cold',,claude-opus-drafting-v1-2026-04-19
uvlt_1k_t02_i03,night,1K,noun,part of the day with no sun,inappropriate,b_collocation,b_collocation,routine,eligible,She reads books every pink night.,SVO-temporal,night + color modifier 'pink' is non-collocate (dark/cold/long/quiet night standard),,claude-opus-drafting-v1-2026-04-19
uvlt_1k_t03_i01,uncle,1K,noun,brother of your mother or father,appropriate,NA,,routine,eligible,My uncle lives near the park.,SV-PP,mother/father's brother sense forced by possessive + 'lives',,claude-opus-drafting-v1-2026-04-19
uvlt_1k_t03_i01,uncle,1K,noun,brother of your mother or father,inappropriate,a_selectional,a_selectional,routine,eligible,My uncle grows near the park.,SV-PP,uncle (+human) with 'grows' (+plant typical) violates animacy/growth selection,,claude-opus-drafting-v1-2026-04-19
uvlt_1k_t03_i02,center,1K,noun,middle,appropriate,NA,,careful,careful,Please stand in the center here.,SV-PP,middle sense forced by locative 'stand in the',minority-sense polysemy: community/shopping center. Foil selectional works across senses.,claude-opus-drafting-v1-2026-04-19
uvlt_1k_t03_i02,center,1K,noun,middle,inappropriate,a_selectional,a_selectional,careful,careful,Please stand in the angry center.,SV-PP,center (-animate geometric) + 'angry' (+sentient) violates animacy of modified N,minority-sense polysemy: community/shopping center. Foil selectional works across senses.,claude-opus-drafting-v1-2026-04-19
uvlt_1k_t03_i03,note,1K,noun,short piece of writing,appropriate,NA,,careful,careful,She left a short note here.,SVO,short-piece-of-writing forced by 'left' + size adj 'short',"minority-sense: music note. Foil also fails there, so robust.",claude-opus-drafting-v1-2026-04-19
uvlt_1k_t03_i03,note,1K,noun,short piece of writing,inappropriate,a_selectional,a_selectional,careful,careful,She left a shouting note here.,SVO,note (-animate) + 'shouting' (+animate participle) violates animacy,"minority-sense: music note. Foil also fails there, so robust.",claude-opus-drafting-v1-2026-04-19
uvlt_1k_t04_i01,brother,1K,noun,family member,appropriate,NA,,routine,eligible,Her brother plays tennis after school.,SVO-PP,family-member sense forced by possessive + 'plays tennis',,claude-opus-drafting-v1-2026-04-19
uvlt_1k_t04_i01,brother,1K,noun,family member,inappropriate,b_collocation,b_collocation,routine,eligible,Her brother wraps tennis after school.,SVO-PP,'brother' + 'wraps tennis' is non-collocate; normal: brother plays/watches/likes,,claude-opus-drafting-v1-2026-04-19
uvlt_1k_t04_i02,hour,1K,noun,sixty minutes,appropriate,NA,,routine,eligible,The meeting lasted one full hour.,SVO,sixty-minutes sense forced by 'lasted' + 'one full',,claude-opus-drafting-v1-2026-04-19
uvlt_1k_t04_i02,hour,1K,noun,sixty minutes,inappropriate,b_collocation,b_collocation,routine,eligible,The meeting lasted one pink hour.,SVO,hour + color 'pink' non-collocate (full/whole/short/extra hour standard),,claude-opus-drafting-v1-2026-04-19
uvlt_1k_t04_i03,plan,1K,noun,way of doing things,appropriate,NA,,routine,eligible,They made a simple plan today.,SVO,way-of-doing-things sense forced by 'made a' + 'simple',,claude-opus-drafting-v1-2026-04-19
uvlt_1k_t04_i03,plan,1K,noun,way of doing things,inappropriate,b_collocation,b_collocation,routine,eligible,They made a wet plan today.,SVO,plan + 'wet' non-collocate (detailed/simple/new/backup plan standard),,claude-opus-drafting-v1-2026-04-19
uvlt_1k_t05_i01,grass,1K,noun,green leaves that cover the ground,appropriate,NA,,routine,eligible,The green grass covered the ground.,SVO,green-leaves sense forced by color adj + 'covered the ground',,claude-opus-drafting-v1-2026-04-19
uvlt_1k_t05_i01,grass,1K,noun,green leaves that cover the ground,inappropriate,a_selectional,a_selectional,routine,eligible,The angry grass covered the ground.,SVO,grass (-sentient plant) + 'angry' (+sentient emotion) violates animacy,,claude-opus-drafting-v1-2026-04-19
uvlt_1k_t05_i02,bath,1K,noun,place to wash,appropriate,NA,,routine,eligible,Please take a hot bath now.,SVO,place-to-wash sense forced by 'take a hot',,claude-opus-drafting-v1-2026-04-19
uvlt_1k_t05_i02,bath,1K,noun,place to wash,inappropriate,a_selectional,a_selectional,routine,eligible,Please take a loud bath now.,SVO,bath (as place/activity) is -audible; 'loud' requires +audible N,,claude-opus-drafting-v1-2026-04-19
uvlt_1k_t05_i03,shoulder,1K,noun,top end of your arm,appropriate,NA,,routine,eligible,He hurt his left shoulder yesterday.,SVO,top-end-of-arm body-part sense forced by possessive + 'hurt his',,claude-opus-drafting-v1-2026-04-19
uvlt_1k_t05_i03,shoulder,1K,noun,top end of your arm,inappropriate,a_selectional,a_selectional,routine,eligible,He hurt his talking shoulder yesterday.,SVO,shoulder (-animate body part) + 'talking' (+animate participle) violates animacy,,claude-opus-drafting-v1-2026-04-19
uvlt_1k_t06_i01,prepare,1K,verb,get ready,appropriate,NA,,routine,eligible,Mom prepares breakfast every single morning.,SVO-temporal,get-ready sense forced by obj 'breakfast' + habitual adjunct,,claude-opus-drafting-v1-2026-04-19
uvlt_1k_t06_i01,prepare,1K,verb,get ready,inappropriate,b_collocation,b_collocation,routine,eligible,Mom prepares anger every single morning.,SVO-temporal,'prepare' + direct obj 'anger' is non-collocate (prepare meals/dinner/answers/report standard),,claude-opus-drafting-v1-2026-04-19
uvlt_1k_t06_i02,laugh,1K,verb,make a happy sound,appropriate,NA,,routine,eligible,The children laughed at his joke.,SV-PP,make-happy-sound sense forced by +human subject + 'at his joke',note: subject swap can read as selectional (a). Reviewer should decide a vs b — flagging. CSV labels b per input.,claude-opus-drafting-v1-2026-04-19
uvlt_1k_t06_i02,laugh,1K,verb,make a happy sound,inappropriate,b_collocation,b_collocation,routine,eligible,The buildings laughed at his joke.,SV-PP,laugh with +animate subject required; 'buildings laughed' violates at selectional level but kept as b because target verb+prep frame preserved intact and swap is at subject-arg,note: subject swap can read as selectional (a). Reviewer should decide a vs b — flagging. CSV labels b per input.,claude-opus-drafting-v1-2026-04-19
uvlt_1k_t06_i03,forget,1K,verb,not remember,appropriate,NA,,routine,eligible,She always forgets her house keys.,SVO,not-remember sense forced by 'always' + obj 'keys',mild risk: 'pink keys' could be naturally pink. Violation is at collocational level of forget+<colored_tangible> combo.,claude-opus-drafting-v1-2026-04-19
uvlt_1k_t06_i03,forget,1K,verb,not remember,inappropriate,b_collocation,b_collocation,routine,eligible,She always forgets her pink keys.,SVO,'forget' + modifier 'pink' on the object is odd collocationally; typical: forget names/passwords/keys/birthdays — color on forgotten item unusual,mild risk: 'pink keys' could be naturally pink. Violation is at collocational level of forget+<colored_tangible> combo.,claude-opus-drafting-v1-2026-04-19
uvlt_1k_t07_i01,work,1K,verb,do things to get money,appropriate,NA,,careful,careful,Her dad works at the factory.,SV-PP,do-things-for-money sense forced by 'at the factory',minority-sense target (function as work); foil still fails across senses.,claude-opus-drafting-v1-2026-04-19
uvlt_1k_t07_i01,work,1K,verb,do things to get money,inappropriate,b_collocation,b_collocation,careful,careful,Her dad works at the apple.,SV-PP,'work at X' with X = concrete fruit is non-collocate; work at + workplace/company standard,minority-sense target (function as work); foil still fails across senses.,claude-opus-drafting-v1-2026-04-19
uvlt_1k_t07_i02,return,1K,verb,go back again,appropriate,NA,,careful,careful,She returned home after the party.,SV-PP or SVO-PP,go-back sense forced by 'home' + 'after',minority-sense: return something. Foil works because b-collocate check is on object selection.,claude-opus-drafting-v1-2026-04-19
uvlt_1k_t07_i02,return,1K,verb,go back again,inappropriate,b_collocation,b_collocation,careful,careful,She returned a song after the party.,SV-PP or SVO-PP,return + direct obj 'song' non-collocate (return books/calls/emails/keys standard),minority-sense: return something. Foil works because b-collocate check is on object selection.,claude-opus-drafting-v1-2026-04-19
uvlt_1k_t07_i03,check,1K,verb,make sure,appropriate,NA,,careful,careful,He checked his email before leaving.,SVO-PP,make-sure sense forced by obj 'email' + temporal 'before leaving',minority-sense: check could mean inspect. Foil still non-collocate there.,claude-opus-drafting-v1-2026-04-19
uvlt_1k_t07_i03,check,1K,verb,make sure,inappropriate,b_collocation,b_collocation,careful,careful,He checked his storm before leaving.,SVO-PP,check + 'storm' as direct obj non-collocate (check email/time/answer/work standard),minority-sense: check could mean inspect. Foil still non-collocate there.,claude-opus-drafting-v1-2026-04-19
uvlt_1k_t08_i01,reply,1K,verb,say or write an answer to somebody,appropriate,NA,,routine,eligible,She will reply to his kind message.,SV-PP,answer sense forced by 'to his message'; modal 'will' keeps target as base form,,claude-opus-drafting-v1-2026-04-19
uvlt_1k_t08_i01,reply,1K,verb,say or write an answer to somebody,inappropriate,b_collocation,b_collocation,routine,eligible,She will reply to his kind mountain.,SV-PP,'reply to X' with X = mountain non-collocate; reply to + message/letter/email/question standard,,claude-opus-drafting-v1-2026-04-19
uvlt_1k_t08_i02,bring,1K,verb,carry to another place,appropriate,NA,,routine,eligible,Please bring your own water bottle.,SVO,carry-to-another-place sense forced by 'bring your own' + concrete obj,,claude-opus-drafting-v1-2026-04-19
uvlt_1k_t08_i02,bring,1K,verb,carry to another place,inappropriate,b_collocation,b_collocation,routine,eligible,Please bring your own angry bottle.,SVO,bring + 'angry' modifier on the object is non-collocate (cold/fresh/own/extra bottle natural),,claude-opus-drafting-v1-2026-04-19
uvlt_1k_t08_i03,stare,1K,verb,look at for a long time,appropriate,NA,,routine,eligible,The boy stared at the sky.,SV-PP,look-at-long-time sense forced by 'at the sky' + animate subject,could read as a selectional. Input CSV labels b. Flag.,claude-opus-drafting-v1-2026-04-19
uvlt_1k_t08_i03,stare,1K,verb,look at for a long time,inappropriate,b_collocation,b_collocation,routine,eligible,The stone stared at the sky.,SV-PP,subject 'stone' with 'stared at' is non-collocate at subject-level,could read as a selectional. Input CSV labels b. Flag.,claude-opus-drafting-v1-2026-04-19
uvlt_1k_t09_i01,main,1K,adjective,most important,appropriate,NA,,careful,careful,She was the main guest yesterday.,SVC,most-important sense forced by copula + 'guest',,claude-opus-drafting-v1-2026-04-19
uvlt_1k_t09_i01,main,1K,adjective,most important,inappropriate,a_selectional,b_collocation,careful,careful,She was the main chicken yesterday.,SVC,main + 'chicken' non-collocate (main course/reason/idea/problem/guest standard),,claude-opus-drafting-v1-2026-04-19
uvlt_1k_t09_i02,bad,1K,adjective,not good,appropriate,NA,,careful,careful,That was a bad decision today.,SVC,not-good sense forced by 'was a bad' + 'decision',minority-sense: could mean 'naughty'. Foil fails there too.,claude-opus-drafting-v1-2026-04-19
uvlt_1k_t09_i02,bad,1K,adjective,not good,inappropriate,a_selectional,b_collocation,careful,careful,That was a bad triangle today.,SVC,'bad' + 'triangle' non-collocate (bad idea/day/news/habit/decision standard),minority-sense: could mean 'naughty'. Foil fails there too.,claude-opus-drafting-v1-2026-04-19
uvlt_1k_t09_i03,cold,1K,adjective,not hot,appropriate,NA,,careful,careful,The cold water felt really nice.,SVC,not-hot sense forced by concrete subj 'water' + 'felt nice',note: 'cold idea' can read metaphorically (unfeeling). Watch for idiom rescue; reviewer note.,claude-opus-drafting-v1-2026-04-19
uvlt_1k_t09_i03,cold,1K,adjective,not hot,inappropriate,a_selectional,a_selectional,careful,careful,The cold idea felt really nice.,SVC,cold (temperature) requires +concrete/tangible; 'idea' is -concrete,note: 'cold idea' can read metaphorically (unfeeling). Watch for idiom rescue; reviewer note.,claude-opus-drafting-v1-2026-04-19
uvlt_1k_t10_i01,definite,1K,adjective,certain,appropriate,NA,,careful,careful,His answer was a definite yes.,SVC,certain sense forced by copula + 'yes',,claude-opus-drafting-v1-2026-04-19
uvlt_1k_t10_i01,definite,1K,adjective,certain,inappropriate,a_selectional,b_collocation,careful,careful,His answer was a definite potato.,SVC,definite + 'potato' non-collocate (definite answer/yes/no/plan/improvement standard),,claude-opus-drafting-v1-2026-04-19
uvlt_1k_t10_i02,general,1K,adjective,usual,appropriate,NA,,careful,careful,The general idea was really good.,N-mod,usual sense forced by 'idea' + 'really good',minority-sense: could be 'military general'. Foil fails there too.,claude-opus-drafting-v1-2026-04-19
uvlt_1k_t10_i02,general,1K,adjective,usual,inappropriate,a_selectional,b_collocation,careful,careful,The general potato was really good.,N-mod,general + 'potato' non-collocate (general idea/rule/feeling/public/opinion standard),minority-sense: could be 'military general'. Foil fails there too.,claude-opus-drafting-v1-2026-04-19
uvlt_1k_t10_i03,awful,1K,adjective,very bad,appropriate,NA,,careful,careful,The food tasted awful last night.,SVC,very-bad sense forced by 'food' + 'tasted',oddness could be attributed to taste+idea rather than awful's selection. Reviewer flag — may relabel as failure mode 4.,claude-opus-drafting-v1-2026-04-19
uvlt_1k_t10_i03,awful,1K,adjective,very bad,inappropriate,a_selectional,a_selectional,careful,careful,The idea tasted awful last night.,SVC,'idea' (-substance) + 'tasted' requires +substance. Awful is preserved; oddness is tied via tasted-<mod>-subject.,oddness could be attributed to taste+idea rather than awful's selection. Reviewer flag — may relabel as failure mode 4.,claude-opus-drafting-v1-2026-04-19
uvlt_2k_t01_i01,feature,2K,noun,important part of something,appropriate,NA,,careful,careful,The new phone has many features.,SVO,important-part sense forced by 'phone' + 'many',minority-sense; feature can be 'face'. Foil still fails there (loud face odd too).,claude-opus-drafting-v1-2026-04-19
uvlt_2k_t01_i01,feature,2K,noun,important part of something,inappropriate,a_selectional,a_selectional,careful,careful,The new phone has loud features.,SVO,feature (attribute) -audible; 'loud' needs +audible N,minority-sense; feature can be 'face'. Foil still fails there (loud face odd too).,claude-opus-drafting-v1-2026-04-19
uvlt_2k_t01_i02,coach,2K,noun,person who trains members of sports teams,appropriate,NA,,careful,careful,The coach praised every young player today.,SVO-temporal,trainer sense forced by 'coach praised every young player',"iteration 2 — human subject retained, violation relocated onto main verb.",claude-opus-drafting-v1-2026-04-19
uvlt_2k_t01_i02,coach,2K,noun,person who trains members of sports teams,inappropriate,a_selectional,a_selectional,careful,careful,The coach swallowed every young player today.,SVO-temporal,coach (+human trainer) + 'swallowed' (+ingestion) violates the agent-action compatibility; coaches praise/train/teach/encourage/criticize players,"iteration 2 — human subject retained, violation relocated onto main verb.",claude-opus-drafting-v1-2026-04-19
uvlt_2k_t01_i03,weed,2K,noun,unwanted plant,appropriate,NA,,routine,eligible,The gardener pulled some tall weeds.,SVO,unwanted-plant sense forced by 'gardener pulled',,claude-opus-drafting-v1-2026-04-19
uvlt_2k_t01_i03,weed,2K,noun,unwanted plant,inappropriate,a_selectional,a_selectional,routine,eligible,The gardener pulled some happy weeds.,SVO,weed (plant -sentient) + 'happy' (+sentient),,claude-opus-drafting-v1-2026-04-19
uvlt_2k_t02_i01,vegetable,2K,noun,food grown in gardens,appropriate,NA,,routine,eligible,We grew fresh vegetables every year.,SVO,food-from-garden sense forced by 'grew' + 'fresh',could slide to a_selectional (vegetables -animate). Labeled b per input; reviewer flag.,claude-opus-drafting-v1-2026-04-19
uvlt_2k_t02_i01,vegetable,2K,noun,food grown in gardens,inappropriate,b_collocation,b_collocation,routine,eligible,We grew angry vegetables every year.,SVO,vegetable + 'angry' modifier non-collocate (fresh/frozen/green/cooked vegetables standard),could slide to a_selectional (vegetables -animate). Labeled b per input; reviewer flag.,claude-opus-drafting-v1-2026-04-19
uvlt_2k_t02_i02,knowledge,2K,noun,information which a person has,appropriate,NA,,routine,eligible,His knowledge of history is deep.,N-subj_copula_AdjP,information sense forced by 'of history' + 'deep',,claude-opus-drafting-v1-2026-04-19
uvlt_2k_t02_i02,knowledge,2K,noun,information which a person has,inappropriate,b_collocation,b_collocation,routine,eligible,His knowledge of history is pink.,N-subj_copula_AdjP,knowledge + 'pink' non-collocate (deep/broad/basic/limited/general knowledge standard),,claude-opus-drafting-v1-2026-04-19
uvlt_2k_t02_i03,average,2K,noun,middle number,appropriate,NA,,routine,eligible,The average was above nine points.,N-subj_copula_PP,middle-number sense forced by 'above nine' + 'points',"note: the swapped word is 'sneezes', the object of preposition. Still in direct syntactic relation with 'above nine', not average. Potential fail-mode-4; reviewer flag.",claude-opus-drafting-v1-2026-04-19
uvlt_2k_t02_i03,average,2K,noun,middle number,inappropriate,b_collocation,b_collocation,routine,eligible,The average was above nine sneezes.,N-subj_copula_PP,average + 'sneezes' as the unit non-collocate (average score/age/temperature/cost/number standard),"note: the swapped word is 'sneezes', the object of preposition. Still in direct syntactic relation with 'above nine', not average. Potential fail-mode-4; reviewer flag.",claude-opus-drafting-v1-2026-04-19
uvlt_2k_t03_i01,circle,2K,noun,round shape,appropriate,NA,,careful,careful,Draw a big circle on paper.,SVO-PP,round-shape sense forced by 'draw' + 'on paper',,claude-opus-drafting-v1-2026-04-19
uvlt_2k_t03_i01,circle,2K,noun,round shape,inappropriate,a_selectional,a_selectional,careful,careful,Draw a loud circle on paper.,SVO-PP,circle (-audible shape) + 'loud' requires +audible,,claude-opus-drafting-v1-2026-04-19
uvlt_2k_t03_i02,knife,2K,noun,something used to cut food,appropriate,NA,,routine,eligible,He cut the bread with a knife.,SVO-PP,cutting-tool sense forced by 'cut bread with',,claude-opus-drafting-v1-2026-04-19
uvlt_2k_t03_i02,knife,2K,noun,something used to cut food,inappropriate,a_selectional,a_selectional,routine,eligible,He cut the bread with a happy knife.,SVO-PP,knife (-animate tool) + 'happy' (+animate),,claude-opus-drafting-v1-2026-04-19
uvlt_2k_t03_i03,justice,2K,noun,using laws fairly,appropriate,NA,,careful,eligible,The judge tried to bring justice.,SVO (inf V+obj),using-laws-fairly sense forced by 'judge' + 'bring',watch: 'taste justice' metaphoric idiom? Reviewer check; 'poverty tasted bitter' flagged in spec §3.4.,claude-opus-drafting-v1-2026-04-19
uvlt_2k_t03_i03,justice,2K,noun,using laws fairly,inappropriate,a_selectional,a_selectional,careful,eligible,The judge tried to taste justice.,SVO (inf V+obj),justice (abstract -substance) + 'taste' requires +substance,watch: 'taste justice' metaphoric idiom? Reviewer check; 'poverty tasted bitter' flagged in spec §3.4.,claude-opus-drafting-v1-2026-04-19
uvlt_2k_t04_i01,section,2K,noun,part,appropriate,NA,,careful,careful,Read the last section of the book.,SVO-PP,part sense forced by 'last section of the book',could fail as selectional (section -audible). Reviewer flag.,claude-opus-drafting-v1-2026-04-19
uvlt_2k_t04_i01,section,2K,noun,part,inappropriate,b_collocation,b_collocation,careful,careful,Read the loud section of the book.,SVO-PP,section + 'loud' non-collocate (last/first/main/next/whole section standard),could fail as selectional (section -audible). Reviewer flag.,claude-opus-drafting-v1-2026-04-19
uvlt_2k_t04_i02,site,2K,noun,place,appropriate,NA,,careful,careful,The building site was very busy.,SVC,place sense forced by 'building' compound + 'busy',might slide to a_selectional (site -sentient). Reviewer flag.,claude-opus-drafting-v1-2026-04-19
uvlt_2k_t04_i02,site,2K,noun,place,inappropriate,b_collocation,b_collocation,careful,careful,The building site was very asleep.,SVC,site + 'asleep' non-collocate (busy/new/main/construction/work site standard),might slide to a_selectional (site -sentient). Reviewer flag.,claude-opus-drafting-v1-2026-04-19
uvlt_2k_t04_i03,sheet,2K,noun,something to cover a bed,appropriate,NA,,careful,careful,Please put a clean sheet here.,SVO,bed-cover sense forced by 'put a clean',minority-sense: sheet of paper. 'loud sheet' fails there too.,claude-opus-drafting-v1-2026-04-19
uvlt_2k_t04_i03,sheet,2K,noun,something to cover a bed,inappropriate,b_collocation,b_collocation,careful,careful,Please put a loud sheet here.,SVO,sheet + 'loud' non-collocate (clean/white/fresh/cotton sheet standard),minority-sense: sheet of paper. 'loud sheet' fails there too.,claude-opus-drafting-v1-2026-04-19
uvlt_2k_t05_i01,envelope,2K,noun,cover for letters,appropriate,NA,,routine,eligible,He sent the envelope this week.,SVO,letter-cover sense forced by 'sent',,claude-opus-drafting-v1-2026-04-19
uvlt_2k_t05_i01,envelope,2K,noun,cover for letters,inappropriate,a_selectional,a_selectional,routine,eligible,He sent the asleep envelope this week.,SVO,envelope (-sentient) + 'asleep' (+sentient/animate),,claude-opus-drafting-v1-2026-04-19
uvlt_2k_t05_i02,cap,2K,noun,kind of hat,appropriate,NA,,careful,careful,He wore a blue cap outside.,SVO,hat sense forced by 'wore a blue',,claude-opus-drafting-v1-2026-04-19
uvlt_2k_t05_i02,cap,2K,noun,kind of hat,inappropriate,a_selectional,a_selectional,careful,careful,He wore a talking cap outside.,SVO,cap (-animate) + 'talking' (+animate),,claude-opus-drafting-v1-2026-04-19
uvlt_2k_t05_i03,apartment,2K,noun,place to live inside a tall building,appropriate,NA,,routine,eligible,They rented a small apartment downtown.,SVO,place-to-live sense forced by 'rented a small','sleeping apartment' faint compositional meaning (an apartment for sleeping)? Reviewer check.,claude-opus-drafting-v1-2026-04-19
uvlt_2k_t05_i03,apartment,2K,noun,place to live inside a tall building,inappropriate,a_selectional,a_selectional,routine,eligible,They rented a sleeping apartment downtown.,SVO,apartment (-animate) + 'sleeping' (+animate),'sleeping apartment' faint compositional meaning (an apartment for sleeping)? Reviewer check.,claude-opus-drafting-v1-2026-04-19
uvlt_2k_t06_i01,wrap,2K,verb,cover tightly and completely,appropriate,NA,,routine,eligible,She wrapped the gift in paper.,SVO-PP,cover-tightly sense forced by obj 'gift' + 'in paper',could read as selectional (music -concrete wrap target). Reviewer flag.,claude-opus-drafting-v1-2026-04-19
uvlt_2k_t06_i01,wrap,2K,verb,cover tightly and completely,inappropriate,b_collocation,b_collocation,routine,eligible,She wrapped the music in paper.,SVO-PP,wrap + direct obj 'music' non-collocate (wrap gift/box/package/present/sandwich standard),could read as selectional (music -concrete wrap target). Reviewer flag.,claude-opus-drafting-v1-2026-04-19
uvlt_2k_t06_i02,contribute,2K,verb,give to,appropriate,NA,,careful,careful,They contributed money to the hospital.,SVO-PP,give-to sense forced by 'money to hospital',spec example verbatim (§3.4 b1 variant).,claude-opus-drafting-v1-2026-04-19
uvlt_2k_t06_i02,contribute,2K,verb,give to,inappropriate,b_collocation,b_collocation,careful,careful,They contributed laughter to the hospital.,SVO-PP,contribute + direct obj 'laughter' non-collocate (contribute money/time/effort/ideas/support standard),spec example verbatim (§3.4 b1 variant).,claude-opus-drafting-v1-2026-04-19
uvlt_2k_t06_i03,seek,2K,verb,look for,appropriate,NA,,routine,eligible,He sought advice from his father.,SVO-PP,look-for sense forced by 'advice from father',spec example verbatim (§3.4 b3).,claude-opus-drafting-v1-2026-04-19
uvlt_2k_t06_i03,seek,2K,verb,look for,inappropriate,b_collocation,b_collocation,routine,eligible,He sought laughter from his father.,SVO-PP,seek + direct obj 'laughter' non-collocate (seek advice/help/approval/justice/support standard),spec example verbatim (§3.4 b3).,claude-opus-drafting-v1-2026-04-19
uvlt_2k_t07_i01,contain,2K,verb,have something inside,appropriate,NA,,routine,eligible,The box contains three old books.,SVO,have-inside sense forced by 'box' + countable obj,FAIL-MODE-4 risk: 'loud ideas' may drive the oddness rather than contain-ideas. Flagging prominently.,claude-opus-drafting-v1-2026-04-19
uvlt_2k_t07_i01,contain,2K,verb,have something inside,inappropriate,b_collocation,b_collocation,routine,eligible,The box contains three loud ideas.,SVO,contain + 'ideas' (+abstract) non-collocate for +physical_container subject; also 'loud ideas' unusual,FAIL-MODE-4 risk: 'loud ideas' may drive the oddness rather than contain-ideas. Flagging prominently.,claude-opus-drafting-v1-2026-04-19
uvlt_2k_t07_i02,search,2K,verb,look for,appropriate,NA,,routine,eligible,She searched the room for keys.,SVO-PP,look-for sense forced by 'room for keys',,claude-opus-drafting-v1-2026-04-19
uvlt_2k_t07_i02,search,2K,verb,look for,inappropriate,b_collocation,b_collocation,routine,eligible,She searched the room for songs.,SVO-PP,search for + 'songs' in physical room non-collocate (search for keys/information/answers/clues/truth standard),,claude-opus-drafting-v1-2026-04-19
uvlt_2k_t07_i03,avoid,2K,verb,try not to do,appropriate,NA,,routine,eligible,She avoided heavy traffic every morning.,SVO-temporal,try-not-to-do sense forced by 'heavy traffic' + habitual,,claude-opus-drafting-v1-2026-04-19
uvlt_2k_t07_i03,avoid,2K,verb,try not to do,inappropriate,b_collocation,b_collocation,routine,eligible,She avoided heavy triangles every morning.,SVO-temporal,avoid + 'triangles' non-collocate (avoid traffic/conflict/mistakes/problems/eye contact standard),,claude-opus-drafting-v1-2026-04-19
uvlt_2k_t08_i01,receive,2K,verb,get something,appropriate,NA,,routine,eligible,She received a nice birthday gift.,SVO,get-something sense forced by 'nice birthday gift',,claude-opus-drafting-v1-2026-04-19
uvlt_2k_t08_i01,receive,2K,verb,get something,inappropriate,b_collocation,b_collocation,routine,eligible,She received a nice birthday sky.,SVO,receive + 'sky' non-collocate (receive gift/letter/email/call/message/award standard),,claude-opus-drafting-v1-2026-04-19
uvlt_2k_t08_i02,bump,2K,verb,hit gently,appropriate,NA,,routine,eligible,He bumped his knee on the desk.,SVO-PP,hit-gently sense forced by 'knee on desk',,claude-opus-drafting-v1-2026-04-19
uvlt_2k_t08_i02,bump,2K,verb,hit gently,inappropriate,b_collocation,b_collocation,routine,eligible,He bumped his dream on the desk.,SVO-PP,bump + 'dream' as obj non-collocate (bump head/knee/elbow/into someone standard),,claude-opus-drafting-v1-2026-04-19
uvlt_2k_t08_i03,include,2K,verb,have as part of something,appropriate,NA,,routine,eligible,The price includes all the drinks.,SVO,have-as-part sense forced by 'price includes all the',,claude-opus-drafting-v1-2026-04-19
uvlt_2k_t08_i03,include,2K,verb,have as part of something,inappropriate,b_collocation,b_collocation,routine,eligible,The price includes all the whispers.,SVO,include + 'whispers' non-collocate (include tax/fees/meals/drinks/breakfast standard in this price context),,claude-opus-drafting-v1-2026-04-19
uvlt_2k_t09_i01,proud,2K,adjective,feeling good about what you have done,appropriate,NA,,routine,eligible,She was proud of her daughter.,SVC-PP,feeling-good sense forced by 'of her daughter' (+human),,claude-opus-drafting-v1-2026-04-19
uvlt_2k_t09_i01,proud,2K,adjective,feeling good about what you have done,inappropriate,a_selectional,a_selectional,routine,eligible,She was proud of her pencil.,SVC-PP,proud of + 'pencil' (+ordinary_object) violates +achievement/+worthwhile obj selection,,claude-opus-drafting-v1-2026-04-19
uvlt_2k_t09_i02,super,2K,adjective,great,appropriate,NA,,careful,careful,That was a super nice day.,SVC,great sense forced by 'super' as intensifier + 'nice day',minority-sense. This is fragile; reviewer flag. 'super cloud' can be parsed as 'really cloudy'.,claude-opus-drafting-v1-2026-04-19
uvlt_2k_t09_i02,super,2K,adjective,great,inappropriate,a_selectional,b_collocation,careful,careful,That was a super nice cloud.,SVC,super + 'nice cloud' non-collocate; super mostly precedes evaluative contexts (nice day/job/idea/party/friend),minority-sense. This is fragile; reviewer flag. 'super cloud' can be parsed as 'really cloudy'.,claude-opus-drafting-v1-2026-04-19
uvlt_2k_t09_i03,constant,2K,adjective,happening all the time,appropriate,NA,,routine,eligible,The constant noise bothered her friends.,SVO,happening-all-the-time sense forced by 'constant noise bothered',bleed: 'constant friend' can mean loyal friend. Reviewer flag.,claude-opus-drafting-v1-2026-04-19
uvlt_2k_t09_i03,constant,2K,adjective,happening all the time,inappropriate,a_selectional,b_collocation,routine,eligible,The constant friend bothered her breakfast.,SVO,constant + 'friend' unusual in tested sense (constant noise/pain/pressure/reminder/fear/change standard),bleed: 'constant friend' can mean loyal friend. Reviewer flag.,claude-opus-drafting-v1-2026-04-19
uvlt_2k_t10_i01,rotten,2K,adjective,bad,appropriate,NA,,routine,eligible,They threw away the rotten apples.,SVO,bad sense forced by 'threw away' + 'apples','rotten' can be metaphorical (rotten luck). Watch idiom rescue. Reviewer flag.,claude-opus-drafting-v1-2026-04-19
uvlt_2k_t10_i01,rotten,2K,adjective,bad,inappropriate,a_selectional,a_selectional,routine,eligible,They threw away the rotten answers.,SVO,rotten requires +organic/+substance; 'answers' is -substance,'rotten' can be metaphorical (rotten luck). Watch idiom rescue. Reviewer flag.,claude-opus-drafting-v1-2026-04-19
uvlt_2k_t10_i02,smooth,2K,adjective,not rough,appropriate,NA,,careful,careful,The table had a smooth surface.,SVO,not-rough sense forced by 'table' (+concrete) + 'surface',marginal: 'poem has a smooth flow' is natural. Reviewer may reject; flag.,claude-opus-drafting-v1-2026-04-19
uvlt_2k_t10_i02,smooth,2K,adjective,not rough,inappropriate,a_selectional,a_selectional,careful,careful,The poem had a smooth surface.,SVO,"'poem' is -concrete, so 'smooth surface' on a poem violates +tactile_concrete selection",marginal: 'poem has a smooth flow' is natural. Reviewer may reject; flag.,claude-opus-drafting-v1-2026-04-19
uvlt_2k_t10_i03,junior,2K,adjective,younger in position,appropriate,NA,,careful,careful,He met the junior staff today.,SVO,younger-in-position sense forced by 'staff' (+human hierarchy),,claude-opus-drafting-v1-2026-04-19
uvlt_2k_t10_i03,junior,2K,adjective,younger in position,inappropriate,a_selectional,a_selectional,careful,careful,He met the junior river today.,SVO,junior requires +human/+hierarchical; 'river' is -human,,claude-opus-drafting-v1-2026-04-19
uvlt_3k_t01_i01,behavior,3K,noun,actions,appropriate,NA,,routine,eligible,His behavior changed after the meeting.,SVC/SV (app); SV-Adj (inapp differs — keeping frames close),actions sense forced by possessive + 'changed',synesthesia rescue risk (spec §3.4 poverty example). Reviewer flag.,claude-opus-drafting-v1-2026-04-19
uvlt_3k_t01_i01,behavior,3K,noun,actions,inappropriate,a_selectional,a_selectional,routine,eligible,His behavior tasted sweet today.,SVC/SV (app); SV-Adj (inapp differs — keeping frames close),behavior is -substance; 'tasted' requires +substance subject,synesthesia rescue risk (spec §3.4 poverty example). Reviewer flag.,claude-opus-drafting-v1-2026-04-19
uvlt_3k_t01_i02,celebration,3K,noun,happy occasion,appropriate,NA,,routine,eligible,The celebration lasted all night long.,SV-temporal,happy-occasion sense forced by 'lasted all night',,claude-opus-drafting-v1-2026-04-19
uvlt_3k_t01_i02,celebration,3K,noun,happy occasion,inappropriate,a_selectional,a_selectional,routine,eligible,The celebration melted all night long.,SV-temporal,celebration (+event -substance) + 'melted' requires +substance subject,,claude-opus-drafting-v1-2026-04-19
uvlt_3k_t01_i03,apology,3K,noun,statement saying you are sorry,appropriate,NA,,routine,eligible,Her apology sounded completely sincere.,SV-AdjP,saying-sorry sense forced by 'sounded' + 'sincere',spec §3.4 worked example. Uses canonical form.,claude-opus-drafting-v1-2026-04-19
uvlt_3k_t01_i03,apology,3K,noun,statement saying you are sorry,inappropriate,a_selectional,a_selectional,routine,eligible,Her apology wore a blue coat.,SV-AdjP,apology is +verbal_act -body; 'wore a coat' requires +body,spec §3.4 worked example. Uses canonical form.,claude-opus-drafting-v1-2026-04-19
uvlt_3k_t02_i01,phrase,3K,noun,combination of words,appropriate,NA,,routine,eligible,He learned a useful phrase today.,SVO,combination-of-words sense forced by 'learned' + 'useful','happy phrase' can mean phrase about happiness. Reviewer flag.,claude-opus-drafting-v1-2026-04-19
uvlt_3k_t02_i01,phrase,3K,noun,combination of words,inappropriate,b_collocation,b_collocation,routine,eligible,He learned a happy phrase today.,SVO,phrase + 'happy' non-collocate (useful/common/new/key/famous phrase standard),'happy phrase' can mean phrase about happiness. Reviewer flag.,claude-opus-drafting-v1-2026-04-19
uvlt_3k_t02_i03,wealth,3K,noun,large amount of money,appropriate,NA,,routine,eligible,His wealth grew over many years.,SV-PP,much-money sense forced by 'grew over years',reduces to a_selectional (wealth -animate). Flagging.,claude-opus-drafting-v1-2026-04-19
uvlt_3k_t02_i03,wealth,3K,noun,large amount of money,inappropriate,b_collocation,b_collocation,routine,eligible,His wealth played music over many years.,SV-PP,wealth + 'played music' non-collocate; typical: wealth grew/increased/doubled/vanished,reduces to a_selectional (wealth -animate). Flagging.,claude-opus-drafting-v1-2026-04-19
uvlt_3k_t03_i01,agriculture,3K,noun,farming,appropriate,NA,,routine,eligible,Modern agriculture supports many small villages.,SVO,farming sense forced by 'modern agriculture supports villages',,claude-opus-drafting-v1-2026-04-19
uvlt_3k_t03_i01,agriculture,3K,noun,farming,inappropriate,a_selectional,a_selectional,routine,eligible,Modern agriculture danced in small villages.,SVO,agriculture (-animate abstract) + 'danced' (+animate action),,claude-opus-drafting-v1-2026-04-19
uvlt_3k_t03_i02,regime,3K,noun,government,appropriate,NA,,careful,careful,The regime ruled the country harshly.,SVO,government sense forced by 'ruled the country',metonymy rescue possible (regime = rulers). Reviewer flag.,claude-opus-drafting-v1-2026-04-19
uvlt_3k_t03_i02,regime,3K,noun,government,inappropriate,a_selectional,a_selectional,careful,careful,The regime laughed at the country harshly.,SVO,regime in tested sense is -animate abstract; 'laughed' requires +animate sentient,metonymy rescue possible (regime = rulers). Reviewer flag.,claude-opus-drafting-v1-2026-04-19
uvlt_3k_t03_i03,volunteer,3K,noun,person who helps without payment,appropriate,NA,,routine,eligible,The volunteer helped many old people.,SVO,person-helping-without-payment sense forced by 'helped many old people',oddness arguably at volunteer+rust pairing; reviewer check.,claude-opus-drafting-v1-2026-04-19
uvlt_3k_t03_i03,volunteer,3K,noun,person who helps without payment,inappropriate,a_selectional,a_selectional,routine,eligible,The volunteer rusted many old people.,SVO,volunteer (+human) + 'rusted' (+metal) violates material selection,oddness arguably at volunteer+rust pairing; reviewer check.,claude-opus-drafting-v1-2026-04-19
uvlt_3k_t04_i01,poverty,3K,noun,having little money,appropriate,NA,,routine,eligible,Extreme poverty affects many rural families.,SVO,little-money sense forced by 'extreme poverty affects rural families',bleeds to a (poverty abstract cannot eat). Flag.,claude-opus-drafting-v1-2026-04-19
uvlt_3k_t04_i01,poverty,3K,noun,having little money,inappropriate,b_collocation,b_collocation,routine,eligible,Extreme poverty eats many rural families.,SVO,poverty + 'eats' as main verb non-collocate (poverty affects/hurts/traps/grips/causes/impacts standard),bleeds to a (poverty abstract cannot eat). Flag.,claude-opus-drafting-v1-2026-04-19
uvlt_3k_t04_i02,heritage,3K,noun,history,appropriate,NA,,careful,careful,We should protect our cultural heritage.,SVO,history sense forced by 'protect our cultural',could slide to a_selectional. Flagging.,claude-opus-drafting-v1-2026-04-19
uvlt_3k_t04_i02,heritage,3K,noun,history,inappropriate,b_collocation,b_collocation,careful,careful,We should protect our sleeping heritage.,SVO,heritage + 'sleeping' non-collocate (cultural/national/rich/shared heritage standard),could slide to a_selectional. Flagging.,claude-opus-drafting-v1-2026-04-19
uvlt_3k_t04_i03,asset,3K,noun,useful thing,appropriate,NA,,careful,careful,His skills are a great asset here.,SVC,useful-thing sense forced by 'skills are a great',,claude-opus-drafting-v1-2026-04-19
uvlt_3k_t04_i03,asset,3K,noun,useful thing,inappropriate,b_collocation,b_collocation,careful,careful,His skills are a great eating asset.,SVC,asset + 'eating' modifier non-collocate (great/valuable/real/huge/major asset standard),,claude-opus-drafting-v1-2026-04-19
uvlt_3k_t05_i01,intelligence,3K,noun,ability to learn,appropriate,NA,,careful,careful,His intelligence helped solve the problem.,"SVO (app); SVO-PP (inapp, slight mismatch)",ability-to-learn sense forced by 'helped solve the problem',frame mismatch. Consider revise; but matches ±1 word constraint.,claude-opus-drafting-v1-2026-04-19
uvlt_3k_t05_i01,intelligence,3K,noun,ability to learn,inappropriate,a_selectional,a_selectional,careful,careful,His intelligence ate dinner in silence.,"SVO (app); SVO-PP (inapp, slight mismatch)",intelligence (-animate abstract) + 'ate' (+animate/+agent),frame mismatch. Consider revise; but matches ±1 word constraint.,claude-opus-drafting-v1-2026-04-19
uvlt_3k_t05_i02,pit,3K,noun,deep place,appropriate,NA,,careful,careful,They dug a deep pit quickly.,SVO,deep-place sense forced by 'dug a deep',,claude-opus-drafting-v1-2026-04-19
uvlt_3k_t05_i02,pit,3K,noun,deep place,inappropriate,a_selectional,a_selectional,careful,careful,They dug a talking pit quickly.,SVO,pit (-sentient hole) + 'talking' (+sentient),,claude-opus-drafting-v1-2026-04-19
uvlt_3k_t05_i03,audience,3K,noun,people who watch and listen,appropriate,NA,,routine,eligible,The audience clapped after the show.,SV-PP,watchers/listeners sense forced by 'clapped after show',,claude-opus-drafting-v1-2026-04-19
uvlt_3k_t05_i03,audience,3K,noun,people who watch and listen,inappropriate,a_selectional,a_selectional,routine,eligible,The audience rusted after the show.,SV-PP,audience (+human collective) + 'rusted' (+metal) violates material,,claude-opus-drafting-v1-2026-04-19
uvlt_3k_t06_i02,specify,3K,verb,say clearly,appropriate,NA,,critical,careful,Please specify the exact meeting date.,SVO,say-clearly sense forced by 'exact meeting date',CRITICAL item. Report verb with broad collocates — foil may feel arbitrary. Native flag.,claude-opus-drafting-v1-2026-04-19
uvlt_3k_t06_i02,specify,3K,verb,say clearly,inappropriate,b_collocation,b_collocation,critical,careful,Please specify the exact meeting cloud.,SVO,specify + 'cloud' as obj non-collocate (specify date/time/amount/location/conditions/requirements standard),CRITICAL item. Report verb with broad collocates — foil may feel arbitrary. Native flag.,claude-opus-drafting-v1-2026-04-19
uvlt_3k_t06_i03,exhibit,3K,verb,show in public,appropriate,NA,,critical,careful,The museum exhibits ancient Greek art.,SVO,show-in-public sense forced by 'museum' + 'ancient Greek art',CRITICAL item. Reviewer flag.,claude-opus-drafting-v1-2026-04-19
uvlt_3k_t06_i03,exhibit,3K,verb,show in public,inappropriate,b_collocation,b_collocation,critical,careful,The museum exhibits ancient Greek dinners.,SVO,exhibit + 'dinners' non-collocate (exhibit art/paintings/sculpture/work/artifacts standard),CRITICAL item. Reviewer flag.,claude-opus-drafting-v1-2026-04-19
uvlt_3k_t07_i01,capture,3K,verb,catch,appropriate,NA,,careful,careful,The police captured the escaped prisoner.,SVO,catch sense forced by 'police captured' + 'escaped prisoner',minority-sense (capture moment/beauty idiom). Foil could be rescued by 'capture a sunrise (photo)' idiom. Reviewer flag.,claude-opus-drafting-v1-2026-04-19
uvlt_3k_t07_i01,capture,3K,verb,catch,inappropriate,b_collocation,b_collocation,careful,careful,The police captured the escaped sunrise.,SVO,capture + 'sunrise' as direct obj in this sense non-collocate (capture thief/prisoner/fugitive/town/fort standard for catch sense),minority-sense (capture moment/beauty idiom). Foil could be rescued by 'capture a sunrise (photo)' idiom. Reviewer flag.,claude-opus-drafting-v1-2026-04-19
uvlt_3k_t07_i02,proceed,3K,verb,go on,appropriate,NA,,routine,eligible,They proceeded to the next room.,SV-PP,go-on sense forced by 'to the next room' (physical movement),mild — could read as b: proceed to next song (in playlist) is natural. Weak foil; reviewer flag.,claude-opus-drafting-v1-2026-04-19
uvlt_3k_t07_i02,proceed,3K,verb,go on,inappropriate,b_collocation,b_collocation,routine,eligible,They proceeded to the next song.,SV-PP,proceed to + 'song' non-collocate (proceed to + next step/room/area/phase/level standard),mild — could read as b: proceed to next song (in playlist) is natural. Weak foil; reviewer flag.,claude-opus-drafting-v1-2026-04-19
uvlt_3k_t08_i01,persist,3K,verb,continue to happen,appropriate,NA,,critical,careful,The heavy rain persisted for three days.,SV-PP,continue-to-happen sense forced by 'heavy rain persisted for three days',"CRITICAL item. FAIL-MODE-4 risk: oddness at for+triangles, not persist. Reviewer flag.",claude-opus-drafting-v1-2026-04-19
uvlt_3k_t08_i01,persist,3K,verb,continue to happen,inappropriate,b_collocation,b_collocation,critical,careful,The heavy rain persisted for three triangles.,SV-PP,persisted for + 'triangles' non-collocate duration unit (hours/days/weeks/months/years standard),"CRITICAL item. FAIL-MODE-4 risk: oddness at for+triangles, not persist. Reviewer flag.",claude-opus-drafting-v1-2026-04-19
uvlt_3k_t08_i02,exceed,3K,verb,goes beyond the limit,appropriate,NA,,routine,eligible,The cost exceeded our original estimate.,SVO,goes-beyond-limit sense forced by 'cost exceeded' + 'estimate',,claude-opus-drafting-v1-2026-04-19
uvlt_3k_t08_i02,exceed,3K,verb,goes beyond the limit,inappropriate,b_collocation,b_collocation,routine,eligible,The cost exceeded our original breakfast.,SVO,exceed + 'breakfast' as obj non-collocate (exceed expectations/limits/budget/estimates/target standard),,claude-opus-drafting-v1-2026-04-19
uvlt_3k_t09_i01,approximate,3K,adjective,almost exact,appropriate,NA,,critical,careful,Please give an approximate cost today.,SVO,almost-exact sense forced by 'give an' + 'cost',CRITICAL item. Reviewer flag.,claude-opus-drafting-v1-2026-04-19
uvlt_3k_t09_i01,approximate,3K,adjective,almost exact,inappropriate,a_selectional,b_collocation,critical,careful,Please give an approximate cousin today.,SVO,approximate + 'cousin' non-collocate (approximate number/cost/time/size/value/age/weight standard),CRITICAL item. Reviewer flag.,claude-opus-drafting-v1-2026-04-19
uvlt_3k_t09_i02,prior,3K,adjective,earlier,appropriate,NA,,careful,careful,His prior experience helped him greatly.,SVO,earlier sense forced by 'prior experience' + 'helped',,claude-opus-drafting-v1-2026-04-19
uvlt_3k_t09_i02,prior,3K,adjective,earlier,inappropriate,a_selectional,b_collocation,careful,careful,His prior breakfast helped him greatly.,SVO,prior + 'breakfast' non-collocate (prior experience/knowledge/notice/approval/arrangement/engagement standard),,claude-opus-drafting-v1-2026-04-19
uvlt_3k_t09_i03,frequent,3K,adjective,happening often,appropriate,NA,,routine,eligible,The frequent rain damaged our garden.,SVO,happening-often sense forced by 'frequent rain' + 'damaged garden',,claude-opus-drafting-v1-2026-04-19
uvlt_3k_t09_i03,frequent,3K,adjective,happening often,inappropriate,a_selectional,b_collocation,routine,eligible,The frequent dream damaged our garden.,SVO,frequent + 'dream' non-collocate (frequent visitor/flyer/use/rain/stops/trips standard),,claude-opus-drafting-v1-2026-04-19
uvlt_3k_t10_i01,consistent,3K,adjective,not changing,appropriate,NA,,careful,careful,Her grades have been consistent recently.,SVC,not-changing sense forced by 'grades have been consistent',grammatical oddness: copula+pl N needs article. Iteration 3.,claude-opus-drafting-v1-2026-04-19
uvlt_3k_t10_i01,consistent,3K,adjective,not changing,inappropriate,a_selectional,b_collocation,careful,careful,Her grades have been consistent apples.,SVC,consistent + 'apples' non-collocate; consistent quality/results/performance/approach/message standard,grammatical oddness: copula+pl N needs article. Iteration 3.,claude-opus-drafting-v1-2026-04-19
uvlt_3k_t10_i03,mutual,3K,adjective,shared,appropriate,NA,,careful,careful,Their mutual respect grew over time.,SVO,shared sense forced by 'mutual respect' + 'grew',,claude-opus-drafting-v1-2026-04-19
uvlt_3k_t10_i03,mutual,3K,adjective,shared,inappropriate,a_selectional,b_collocation,careful,careful,Their mutual cupboard grew over time.,SVO,mutual + 'cupboard' non-collocate (mutual respect/friend/interest/agreement/understanding/benefit standard),,claude-opus-drafting-v1-2026-04-19
uvlt_4k_t01_i01,vitamin,4K,noun,healthy supplement,appropriate,NA,,routine,eligible,Doctors say vitamins help your health.,SVO,healthy-supplement sense forced by 'doctors' + 'help your health',,claude-opus-drafting-v1-2026-04-19
uvlt_4k_t01_i01,vitamin,4K,noun,healthy supplement,inappropriate,a_selectional,a_selectional,routine,eligible,Doctors say vitamins laugh at night.,SVO,vitamin (-animate) + 'laugh' (+animate),,claude-opus-drafting-v1-2026-04-19
uvlt_4k_t01_i02,cave,4K,noun,opening in the ground or in the side of a hill,appropriate,NA,,routine,eligible,The bear slept inside the cave.,SV-PP,hill-opening sense forced by 'bear slept inside',,claude-opus-drafting-v1-2026-04-19
uvlt_4k_t01_i02,cave,4K,noun,opening in the ground or in the side of a hill,inappropriate,a_selectional,a_selectional,routine,eligible,The bear slept inside the happy cave.,SV-PP,cave (-animate geological) + 'happy' (+animate),,claude-opus-drafting-v1-2026-04-19
uvlt_4k_t02_i01,soap,4K,noun,something used for cleaning,appropriate,NA,,routine,eligible,He washed his hands with soap carefully.,SVO-PP,cleaning-product sense forced by 'washed hands with',bleeds to a. Flag.,claude-opus-drafting-v1-2026-04-19
uvlt_4k_t02_i01,soap,4K,noun,something used for cleaning,inappropriate,b_collocation,b_collocation,routine,eligible,He washed his hands with angry soap.,SVO-PP,soap + 'angry' non-collocate (bar/liquid/hand/dish/fresh soap standard),bleeds to a. Flag.,claude-opus-drafting-v1-2026-04-19
uvlt_4k_t02_i02,tutor,4K,noun,teacher,appropriate,NA,,routine,eligible,The tutor taught me some math.,SVO,teacher sense forced by 'taught me',"swap is at verb arg, not direct modifier of tutor. Flag.",claude-opus-drafting-v1-2026-04-19
uvlt_4k_t02_i02,tutor,4K,noun,teacher,inappropriate,b_collocation,b_collocation,routine,eligible,The tutor taught me some clouds.,SVO,tutor taught + 'clouds' as subj matter non-collocate (math/English/grammar/piano/chess/history standard),"swap is at verb arg, not direct modifier of tutor. Flag.",claude-opus-drafting-v1-2026-04-19
uvlt_4k_t02_i03,diamond,4K,noun,valuable stone,appropriate,NA,,routine,eligible,She wore a small diamond ring.,SVO,valuable-stone sense forced by 'wore a small' + 'ring',bleeds to a. Flag.,claude-opus-drafting-v1-2026-04-19
uvlt_4k_t02_i03,diamond,4K,noun,valuable stone,inappropriate,b_collocation,b_collocation,routine,eligible,She wore a sleeping diamond ring.,SVO,diamond + 'sleeping' mod non-collocate (small/large/fake/real/engagement/tiny diamond standard),bleeds to a. Flag.,claude-opus-drafting-v1-2026-04-19
uvlt_4k_t03_i01,orchestra,4K,noun,group of people who play music,appropriate,NA,,routine,eligible,The orchestra played the symphony beautifully.,SVO-adv,music-group sense forced by 'played the symphony',could be b_collocation. Per input type 'a'.,claude-opus-drafting-v1-2026-04-19
uvlt_4k_t03_i01,orchestra,4K,noun,group of people who play music,inappropriate,a_selectional,a_selectional,routine,eligible,The orchestra ate the symphony beautifully.,SVO-adv,orchestra (+collective playing entity) with 'ate' violates activity selection; typical: play/perform/rehearse music,could be b_collocation. Per input type 'a'.,claude-opus-drafting-v1-2026-04-19
uvlt_4k_t03_i02,slot,4K,noun,"long, thin opening",appropriate,NA,,careful,careful,He dropped a coin into the slot.,SVO-PP,thin-opening sense forced by 'coin into',,claude-opus-drafting-v1-2026-04-19
uvlt_4k_t03_i02,slot,4K,noun,"long, thin opening",inappropriate,a_selectional,a_selectional,careful,careful,He dropped a coin into the loud slot.,SVO-PP,slot (-audible opening) + 'loud' (+audible),,claude-opus-drafting-v1-2026-04-19
uvlt_4k_t03_i03,scrap,4K,noun,small unwanted piece,appropriate,NA,,careful,careful,She found a scrap of paper.,SVO-PP,small-unwanted-piece sense forced by 'found a scrap of paper',could go either a or b.,claude-opus-drafting-v1-2026-04-19
uvlt_4k_t03_i03,scrap,4K,noun,small unwanted piece,inappropriate,a_selectional,a_selectional,careful,careful,She found a scrap of smile.,SVO-PP,scrap of + 'smile' non-collocate / selectional (scrap of + paper/cloth/food/metal/wood standard; +substance required),could go either a or b.,claude-opus-drafting-v1-2026-04-19
uvlt_4k_t04_i01,crust,4K,noun,hard outside part,appropriate,NA,,routine,eligible,The bread had a hard crust.,SVO,hard-outside-part sense forced by 'bread had a hard',,claude-opus-drafting-v1-2026-04-19
uvlt_4k_t04_i01,crust,4K,noun,hard outside part,inappropriate,b_collocation,b_collocation,routine,eligible,The bread had a quick crust.,SVO,crust + 'quick' non-collocate (hard/thick/crispy/golden/bread crust standard),,claude-opus-drafting-v1-2026-04-19
uvlt_4k_t04_i02,verdict,4K,noun,judgment,appropriate,NA,,routine,eligible,The jury gave a fair verdict.,SVO,judgment sense forced by 'jury gave a fair',,claude-opus-drafting-v1-2026-04-19
uvlt_4k_t04_i02,verdict,4K,noun,judgment,inappropriate,b_collocation,b_collocation,routine,eligible,The jury gave a sleepy verdict.,SVO,verdict + 'sleepy' non-collocate (fair/unanimous/guilty/final verdict standard),,claude-opus-drafting-v1-2026-04-19
uvlt_4k_t04_i03,venue,4K,noun,place,appropriate,NA,,routine,eligible,The venue had a beautiful garden.,SVO,place sense forced by 'venue had a beautiful garden' (physical features),,claude-opus-drafting-v1-2026-04-19
uvlt_4k_t04_i03,venue,4K,noun,place,inappropriate,b_collocation,b_collocation,routine,eligible,The venue had a beautiful appetite.,SVO,venue + obj 'appetite' non-collocate; venue has + location/feature/atmosphere/seating standard,,claude-opus-drafting-v1-2026-04-19
uvlt_4k_t05_i01,embassy,4K,noun,government building,appropriate,NA,,routine,eligible,The embassy stands on a busy road.,SV-PP,government-building sense forced by 'stands on busy road',,claude-opus-drafting-v1-2026-04-19
uvlt_4k_t05_i01,embassy,4K,noun,government building,inappropriate,a_selectional,a_selectional,routine,eligible,The embassy eats on a busy road.,SV-PP,embassy (-animate building) + 'eats' (+animate),,claude-opus-drafting-v1-2026-04-19
uvlt_4k_t05_i02,tobacco,4K,noun,plant that is smoked in cigarettes,appropriate,NA,,routine,eligible,Farmers here grow tobacco every summer.,SVO-temporal,smoking-plant sense forced by 'farmers grow',,claude-opus-drafting-v1-2026-04-19
uvlt_4k_t05_i02,tobacco,4K,noun,plant that is smoked in cigarettes,inappropriate,a_selectional,a_selectional,routine,eligible,Farmers here grow angry tobacco every summer.,SVO-temporal,tobacco (-sentient plant) + 'angry' (+sentient),,claude-opus-drafting-v1-2026-04-19
uvlt_4k_t05_i03,alley,4K,noun,small street between buildings,appropriate,NA,,routine,eligible,They walked down the dark alley.,SV-PP,small-street sense forced by 'walked down',,claude-opus-drafting-v1-2026-04-19
uvlt_4k_t05_i03,alley,4K,noun,small street between buildings,inappropriate,a_selectional,a_selectional,routine,eligible,They walked down the talking alley.,SV-PP,alley (-animate) + 'talking' (+animate),,claude-opus-drafting-v1-2026-04-19
uvlt_4k_t06_i01,forbid,4K,verb,do not allow,appropriate,NA,,routine,eligible,Teachers forbid phones in the classroom.,SVO-PP,not-allow sense forced by 'phones in classroom',oddness partly at 'clouds in classroom'. Flag.,claude-opus-drafting-v1-2026-04-19
uvlt_4k_t06_i01,forbid,4K,verb,do not allow,inappropriate,b_collocation,b_collocation,routine,eligible,Teachers forbid clouds in the classroom.,SVO-PP,forbid + 'clouds' non-collocate in this context (forbid smoking/phones/weapons/running/entry standard),oddness partly at 'clouds in classroom'. Flag.,claude-opus-drafting-v1-2026-04-19
uvlt_4k_t06_i02,shrink,4K,verb,make smaller,appropriate,NA,,routine,eligible,The cotton shirt will shrink in water.,SV-PP,make-smaller sense forced by 'cotton shirt will shrink in water',bleeds to a. Flag.,claude-opus-drafting-v1-2026-04-19
uvlt_4k_t06_i02,shrink,4K,verb,make smaller,inappropriate,b_collocation,b_collocation,routine,eligible,The cotton shirt will shrink in silence.,SV-PP,shrink in + 'silence' non-collocate (shrink in water/heat/wash/size standard),bleeds to a. Flag.,claude-opus-drafting-v1-2026-04-19
uvlt_4k_t06_i03,fling,4K,verb,throw,appropriate,NA,,routine,eligible,He will fling the ball into the yard.,SVO-PP,throw sense forced by 'ball into yard',bleeds into selectional (song -physical). Flag.,claude-opus-drafting-v1-2026-04-19
uvlt_4k_t06_i03,fling,4K,verb,throw,inappropriate,b_collocation,b_collocation,routine,eligible,He will fling the song into the yard.,SVO-PP,fling + 'song' as direct obj non-collocate; fling ball/stone/door/bag/hat standard (+physical_object required by direct obj collocation),bleeds into selectional (song -physical). Flag.,claude-opus-drafting-v1-2026-04-19
uvlt_4k_t07_i01,weep,4K,verb,cry,appropriate,NA,,routine,eligible,The old men often weep at dawn.,SV-PP,cry sense forced by '+human subjects weep at dawn',could be labeled a. Flag.,claude-opus-drafting-v1-2026-04-19
uvlt_4k_t07_i01,weep,4K,verb,cry,inappropriate,b_collocation,b_collocation,routine,eligible,The old tables often weep at dawn.,SV-PP,weep's subject 'tables' is non-collocate (weep requires +animate/+sentient),could be labeled a. Flag.,claude-opus-drafting-v1-2026-04-19
uvlt_4k_t07_i02,disclose,4K,verb,tell,appropriate,NA,,routine,eligible,She disclosed the news very quickly.,SVO-adv,tell sense forced by 'news' + 'quickly',,claude-opus-drafting-v1-2026-04-19
uvlt_4k_t07_i02,disclose,4K,verb,tell,inappropriate,b_collocation,b_collocation,routine,eligible,She disclosed the tree very quickly.,SVO-adv,disclose + 'tree' non-collocate (disclose information/details/news/identity/facts/secrets standard),,claude-opus-drafting-v1-2026-04-19
uvlt_4k_t07_i03,activate,4K,verb,turn on,appropriate,NA,,routine,eligible,Press the button to activate the alarm.,SVO,turn-on sense forced by 'press button to activate alarm',,claude-opus-drafting-v1-2026-04-19
uvlt_4k_t07_i03,activate,4K,verb,turn on,inappropriate,b_collocation,b_collocation,routine,eligible,Press the button to activate the cloud.,SVO,activate + 'cloud' non-collocate (activate alarm/account/system/device/feature standard),,claude-opus-drafting-v1-2026-04-19
uvlt_4k_t08_i01,explode,4K,verb,break into pieces violently,appropriate,NA,,routine,eligible,The bomb exploded in the old car.,SV-PP,break-into-pieces sense forced by 'bomb exploded in the old car',bleeds to a. Flag.,claude-opus-drafting-v1-2026-04-19
uvlt_4k_t08_i01,explode,4K,verb,break into pieces violently,inappropriate,b_collocation,b_collocation,routine,eligible,The bomb exploded in the loud song.,SV-PP,explode in + 'song' non-collocate; explode in + location standard,bleeds to a. Flag.,claude-opus-drafting-v1-2026-04-19
uvlt_4k_t08_i02,diminish,4K,verb,get smaller,appropriate,NA,,routine,eligible,His energy diminished after the long walk.,SV-PP,get-smaller sense forced by 'energy diminished after long walk',FAIL-MODE-4 redux. Flag.,claude-opus-drafting-v1-2026-04-19
uvlt_4k_t08_i02,diminish,4K,verb,get smaller,inappropriate,b_collocation,b_collocation,routine,eligible,His energy diminished after the long bread.,SV-PP,diminished after + 'bread' non-collocate duration/event,FAIL-MODE-4 redux. Flag.,claude-opus-drafting-v1-2026-04-19
uvlt_4k_t08_i03,transplant,4K,verb,move something to another place,appropriate,NA,,routine,eligible,Doctors transplanted the heart on Tuesday.,SVO-temporal,move-to-another-place sense forced by 'doctors' + 'heart',,claude-opus-drafting-v1-2026-04-19
uvlt_4k_t08_i03,transplant,4K,verb,move something to another place,inappropriate,b_collocation,b_collocation,routine,eligible,Doctors transplanted the story on Tuesday.,SVO-temporal,transplant + 'story' non-collocate (transplant heart/kidney/liver/organ/tree standard),,claude-opus-drafting-v1-2026-04-19
uvlt_4k_t09_i01,adjacent,4K,adjective,beside,appropriate,NA,,routine,eligible,The shop is adjacent to the bank.,SVC-PP,beside sense forced by 'shop is adjacent to bank' (+physical),bleeds into selectional. Flag.,claude-opus-drafting-v1-2026-04-19
uvlt_4k_t09_i01,adjacent,4K,adjective,beside,inappropriate,a_selectional,b_collocation,routine,eligible,The shop is adjacent to the dream.,SVC-PP,adjacent to + 'dream' (-physical) non-collocate; adjacent to + physical location standard,bleeds into selectional. Flag.,claude-opus-drafting-v1-2026-04-19
uvlt_4k_t09_i02,sane,4K,adjective,not crazy,appropriate,NA,,routine,eligible,The doctor said he was sane.,SVO-complement,not-crazy sense forced by 'doctor said he was',ungrammatical coordination. Revise.,claude-opus-drafting-v1-2026-04-19
uvlt_4k_t09_i02,sane,4K,adjective,not crazy,inappropriate,a_selectional,a_selectional,routine,eligible,The doctor said he was sane bread.,SVO-complement,sane + 'bread' — sane requires +mind_capable; 'bread' -mind,ungrammatical coordination. Revise.,claude-opus-drafting-v1-2026-04-19
uvlt_4k_t09_i03,swift,4K,adjective,quick,appropriate,NA,,routine,eligible,The swift horse won the race.,SVO,quick sense forced by 'swift horse' + 'won race',bleeds to selectional (idea can't win race). Flag.,claude-opus-drafting-v1-2026-04-19
uvlt_4k_t09_i03,swift,4K,adjective,quick,inappropriate,a_selectional,b_collocation,routine,eligible,The swift idea won the race.,SVO,swift + 'idea' non-collocate (swift reply/action/response/movement/horse/river standard),bleeds to selectional (idea can't win race). Flag.,claude-opus-drafting-v1-2026-04-19
uvlt_4k_t10_i01,credible,4K,adjective,believable,appropriate,NA,,routine,eligible,His story seemed credible at first.,SVC,believable sense forced by 'story' (+proposition) + 'seemed',could be mod-N selectional. Flag.,claude-opus-drafting-v1-2026-04-19
uvlt_4k_t10_i01,credible,4K,adjective,believable,inappropriate,a_selectional,a_selectional,routine,eligible,His pizza seemed credible at first.,SVC,"'pizza' (+food) + 'credible' is oddness of modifier-head pair, but pizza can't be credible",could be mod-N selectional. Flag.,claude-opus-drafting-v1-2026-04-19
uvlt_4k_t10_i02,greasy,4K,adjective,oily,appropriate,NA,,routine,eligible,The greasy food made her sick.,SVO,oily sense forced by 'food' + 'made her sick',synesthesia rescue risk. Flag.,claude-opus-drafting-v1-2026-04-19
uvlt_4k_t10_i02,greasy,4K,adjective,oily,inappropriate,a_selectional,a_selectional,routine,eligible,The greasy sound made her sick.,SVO,greasy requires +substance/+tactile; 'sound' is -substance,synesthesia rescue risk. Flag.,claude-opus-drafting-v1-2026-04-19
uvlt_4k_t10_i03,abnormal,4K,adjective,unusual,appropriate,NA,,routine,eligible,The abnormal test result surprised her.,SVO,unusual sense forced by 'test result' medical context,,claude-opus-drafting-v1-2026-04-19
uvlt_4k_t10_i03,abnormal,4K,adjective,unusual,inappropriate,a_selectional,b_collocation,routine,eligible,The abnormal sunset surprised her.,SVO,abnormal + 'sunset' non-collocate (abnormal behavior/result/growth/level/cell/reading standard),,claude-opus-drafting-v1-2026-04-19
uvlt_5k_t01_i01,mustache,5K,noun,hair on your upper lip,appropriate,NA,,routine,eligible,His mustache was long and black.,SVC,upper-lip-hair sense forced by 'long and black',,claude-opus-drafting-v1-2026-04-19
uvlt_5k_t01_i01,mustache,5K,noun,hair on your upper lip,inappropriate,a_selectional,a_selectional,routine,eligible,His mustache was long and angry.,SVC,mustache (-animate body part) + 'angry' (+sentient) violates animacy of predicate,,claude-opus-drafting-v1-2026-04-19
uvlt_5k_t01_i02,paradise,5K,noun,perfect place,appropriate,NA,,routine,eligible,This island feels like a paradise.,SVC,perfect-place sense forced by 'island feels like',,claude-opus-drafting-v1-2026-04-19
uvlt_5k_t01_i02,paradise,5K,noun,perfect place,inappropriate,a_selectional,a_selectional,routine,eligible,This island feels like a sleeping paradise.,SVC,paradise (+place) + 'sleeping' (+animate) violates animacy,,claude-opus-drafting-v1-2026-04-19
uvlt_5k_t01_i03,pastry,5K,noun,small baked food,appropriate,NA,,routine,eligible,She baked a sweet pastry today.,SVO,baked-food sense forced by 'baked a sweet',,claude-opus-drafting-v1-2026-04-19
uvlt_5k_t01_i03,pastry,5K,noun,small baked food,inappropriate,a_selectional,a_selectional,routine,eligible,She baked a loud pastry today.,SVO,pastry (-audible) + 'loud' (+audible required),,claude-opus-drafting-v1-2026-04-19
uvlt_5k_t02_i01,vase,5K,noun,container for cut flowers,appropriate,NA,,routine,eligible,She put flowers in the vase.,SVO-PP,flower-container sense forced by 'put flowers in',could slide to a. Flag.,claude-opus-drafting-v1-2026-04-19
uvlt_5k_t02_i01,vase,5K,noun,container for cut flowers,inappropriate,b_collocation,b_collocation,routine,eligible,She put flowers in the loud vase.,SVO-PP,vase + 'loud' non-collocate (tall/small/crystal/glass/empty/broken vase standard),could slide to a. Flag.,claude-opus-drafting-v1-2026-04-19
uvlt_5k_t02_i02,chord,5K,noun,group of musical notes that are played at the same time,appropriate,NA,,routine,eligible,She played a beautiful chord softly.,SVO-adv,musical-notes sense forced by 'played a beautiful',bleeds to a. Flag.,claude-opus-drafting-v1-2026-04-19
uvlt_5k_t02_i02,chord,5K,noun,group of musical notes that are played at the same time,inappropriate,b_collocation,b_collocation,routine,eligible,She played a talking chord softly.,SVO-adv,chord + 'talking' non-collocate (beautiful/major/minor/final/opening/sad chord standard),bleeds to a. Flag.,claude-opus-drafting-v1-2026-04-19
uvlt_5k_t02_i03,rectangle,5K,noun,shape with two long and two short sides,appropriate,NA,,routine,eligible,She drew a large rectangle carefully.,SVO-adv,shape sense forced by 'drew a large',bleeds to a. Flag.,claude-opus-drafting-v1-2026-04-19
uvlt_5k_t02_i03,rectangle,5K,noun,shape with two long and two short sides,inappropriate,b_collocation,b_collocation,routine,eligible,She drew a talking rectangle carefully.,SVO-adv,rectangle + 'talking' non-collocate (large/small/long/thin/perfect/blue rectangle standard),bleeds to a. Flag.,claude-opus-drafting-v1-2026-04-19
uvlt_5k_t03_i01,lime,5K,noun,green fruit,appropriate,NA,,routine,eligible,He squeezed a fresh green lime.,SVO,green-fruit sense forced by 'squeezed a fresh green',,claude-opus-drafting-v1-2026-04-19
uvlt_5k_t03_i01,lime,5K,noun,green fruit,inappropriate,a_selectional,a_selectional,routine,eligible,He squeezed a fresh talking lime.,SVO,lime (-animate fruit) + 'talking' (+animate),,claude-opus-drafting-v1-2026-04-19
uvlt_5k_t03_i02,hum,5K,noun,"low, constant sound",appropriate,NA,,routine,eligible,The hum of the engine stopped.,SV,low-constant-sound sense forced by 'hum of the engine',,claude-opus-drafting-v1-2026-04-19
uvlt_5k_t03_i02,hum,5K,noun,"low, constant sound",inappropriate,a_selectional,a_selectional,routine,eligible,The hum of the engine cried.,SV,hum (-animate sound) + 'cried' (+animate),,claude-opus-drafting-v1-2026-04-19
uvlt_5k_t03_i03,pork,5K,noun,meat from pigs,appropriate,NA,,routine,eligible,They cooked pork for the party.,SVO-PP,pig-meat sense forced by 'cooked pork for party',,claude-opus-drafting-v1-2026-04-19
uvlt_5k_t03_i03,pork,5K,noun,meat from pigs,inappropriate,a_selectional,a_selectional,routine,eligible,They cooked talking pork for the party.,SVO-PP,pork (-animate meat) + 'talking' (+animate),,claude-opus-drafting-v1-2026-04-19
uvlt_5k_t04_i01,perfume,5K,noun,liquid that is made to smell nice,appropriate,NA,,routine,eligible,She wore a sweet perfume tonight.,SVO-temporal,nice-smelling-liquid sense forced by 'wore a sweet',bleeds to a. Flag.,claude-opus-drafting-v1-2026-04-19
uvlt_5k_t04_i01,perfume,5K,noun,liquid that is made to smell nice,inappropriate,b_collocation,b_collocation,routine,eligible,She wore a loud perfume tonight.,SVO-temporal,perfume + 'loud' non-collocate (sweet/strong/expensive/French/heavy/light perfume standard),bleeds to a. Flag.,claude-opus-drafting-v1-2026-04-19
uvlt_5k_t04_i02,wizard,5K,noun,man who has magical powers,appropriate,NA,,routine,eligible,The wizard cast a long spell.,SVO (app); SVO-adv (inapp 8 words),magic-user sense forced by 'wizard cast a spell',FAIL-MODE-4 risk remains at spell-modifier. Flag.,claude-opus-drafting-v1-2026-04-19
uvlt_5k_t04_i02,wizard,5K,noun,man who has magical powers,inappropriate,b_collocation,b_collocation,routine,eligible,The wizard cast a sleeping spell carefully.,SVO (app); SVO-adv (inapp 8 words),wizard + 'sleeping' mod; typical: wizard casts/performs/uses spell — sleeping modifier nonstandard,FAIL-MODE-4 risk remains at spell-modifier. Flag.,claude-opus-drafting-v1-2026-04-19
uvlt_5k_t04_i03,sanctuary,5K,noun,safe place,appropriate,NA,,routine,eligible,This small church feels like a sanctuary.,SVC,safe-place sense forced by 'church feels like',bleeds to a (sanctuary = quiet by definition). Good foil because conflicts with core meaning.,claude-opus-drafting-v1-2026-04-19
uvlt_5k_t04_i03,sanctuary,5K,noun,safe place,inappropriate,b_collocation,b_collocation,routine,eligible,This small church feels like a loud sanctuary.,SVC,sanctuary + 'loud' non-collocate (safe/quiet/peaceful/bird/wildlife sanctuary standard),bleeds to a (sanctuary = quiet by definition). Good foil because conflicts with core meaning.,claude-opus-drafting-v1-2026-04-19
uvlt_5k_t05_i01,altitude,5K,noun,height,appropriate,NA,,routine,eligible,The plane reached a very high altitude.,SVO,height sense forced by 'plane reached a very high',,claude-opus-drafting-v1-2026-04-19
uvlt_5k_t05_i01,altitude,5K,noun,height,inappropriate,a_selectional,a_selectional,routine,eligible,The plane reached a very happy altitude.,SVO,altitude (-sentient measure) + 'happy' (+sentient),,claude-opus-drafting-v1-2026-04-19
uvlt_5k_t05_i02,robe,5K,noun,kind of clothing,appropriate,NA,,routine,eligible,She wore a long white robe.,SVO,clothing sense forced by 'wore a long white',,claude-opus-drafting-v1-2026-04-19
uvlt_5k_t05_i02,robe,5K,noun,kind of clothing,inappropriate,a_selectional,a_selectional,routine,eligible,She wore a long talking robe.,SVO,robe (-animate clothing) + 'talking' (+animate),,claude-opus-drafting-v1-2026-04-19
uvlt_5k_t05_i03,pirate,5K,noun,person who attacks ships,appropriate,NA,,routine,eligible,The pirate attacked the small ship.,SVO,ship-attacker sense forced by 'pirate attacked' + 'ship',,claude-opus-drafting-v1-2026-04-19
uvlt_5k_t05_i03,pirate,5K,noun,person who attacks ships,inappropriate,a_selectional,a_selectional,routine,eligible,The pirate melted the small ship.,SVO,oddness at pirate+melted; pirate (+animate) + 'melted' (+substance process) violates agent selection,,claude-opus-drafting-v1-2026-04-19
uvlt_5k_t06_i01,notify,5K,verb,announce,appropriate,NA,,routine,eligible,Please notify the staff about this change.,SVO-PP,announce sense forced by 'notify the staff about this change',,claude-opus-drafting-v1-2026-04-19
uvlt_5k_t06_i01,notify,5K,verb,announce,inappropriate,b_collocation,b_collocation,routine,eligible,Please notify the staff about this sunset.,SVO-PP,notify about + 'sunset' non-collocate (notify about change/decision/meeting/delay/problem standard),,claude-opus-drafting-v1-2026-04-19
uvlt_5k_t06_i02,intrude,5K,verb,enter without permission,appropriate,NA,,routine,eligible,He intruded into their private meeting.,SV-PP,enter-without-permission sense forced by 'intruded into' + 'private meeting',bleeds to a (cookie -enterable). Flag.,claude-opus-drafting-v1-2026-04-19
uvlt_5k_t06_i02,intrude,5K,verb,enter without permission,inappropriate,b_collocation,b_collocation,routine,eligible,He intruded into their private cookie.,SV-PP,intrude into + 'cookie' non-collocate (intrude into privacy/meeting/life/conversation/space standard),bleeds to a (cookie -enterable). Flag.,claude-opus-drafting-v1-2026-04-19
uvlt_5k_t06_i03,erase,5K,verb,remove,appropriate,NA,,routine,eligible,She erased the old notes carefully.,SVO-adv,remove sense forced by 'erased the old notes',,claude-opus-drafting-v1-2026-04-19
uvlt_5k_t06_i03,erase,5K,verb,remove,inappropriate,b_collocation,b_collocation,routine,eligible,She erased the old storms carefully.,SVO-adv,erase + 'storms' non-collocate (erase notes/memories/data/mark/name/board standard),,claude-opus-drafting-v1-2026-04-19
uvlt_5k_t07_i01,shred,5K,verb,cut or tear into small pieces,appropriate,NA,,routine,eligible,He shredded the old papers quickly.,SVO-adv,tear-into-pieces sense forced by 'shredded the old papers',bleeds to a/metaphor (shred dreams idiom). Flag.,claude-opus-drafting-v1-2026-04-19
uvlt_5k_t07_i01,shred,5K,verb,cut or tear into small pieces,inappropriate,b_collocation,b_collocation,routine,eligible,He shredded the old dreams quickly.,SVO-adv,shred + 'dreams' non-collocate in physical sense (shred paper/document/cheese/cabbage standard),bleeds to a/metaphor (shred dreams idiom). Flag.,claude-opus-drafting-v1-2026-04-19
uvlt_5k_t07_i02,expire,5K,verb,end,appropriate,NA,,routine,eligible,Her visa expired last month already.,SV-temporal,end sense forced by 'visa expired last month',could be labeled a (song -temporal-limited). Flag.,claude-opus-drafting-v1-2026-04-19
uvlt_5k_t07_i02,expire,5K,verb,end,inappropriate,b_collocation,b_collocation,routine,eligible,Her song expired last month already.,SV-temporal,expire + subject 'song' non-collocate (visa/contract/passport/license/membership/food expires standard),could be labeled a (song -temporal-limited). Flag.,claude-opus-drafting-v1-2026-04-19
uvlt_5k_t07_i03,meditate,5K,verb,think deeply,appropriate,NA,,routine,eligible,She meditated quietly in her room.,SV-adv-PP,think-deeply sense forced by 'quietly in her room',bleeds to a (meditate -loud-compatible). Flag.,claude-opus-drafting-v1-2026-04-19
uvlt_5k_t07_i03,meditate,5K,verb,think deeply,inappropriate,b_collocation,b_collocation,routine,eligible,She meditated loudly in her room.,SV-adv-PP,meditate + 'loudly' non-collocate (meditate quietly/silently/deeply/alone/daily standard),bleeds to a (meditate -loud-compatible). Flag.,claude-opus-drafting-v1-2026-04-19
uvlt_5k_t08_i01,ignite,5K,verb,catch fire,appropriate,NA,,routine,eligible,The spark ignited the old newspaper.,SVO,catch-fire sense forced by 'spark ignited old newspaper',metaphor rescue: 'ignite a dream' idiom. Flag.,claude-opus-drafting-v1-2026-04-19
uvlt_5k_t08_i01,ignite,5K,verb,catch fire,inappropriate,b_collocation,b_collocation,routine,eligible,The spark ignited the old dream.,SVO,ignite + direct obj 'dream' in literal sense non-collocate (ignite paper/fire/gas/fuel/wood standard),metaphor rescue: 'ignite a dream' idiom. Flag.,claude-opus-drafting-v1-2026-04-19
uvlt_5k_t08_i02,swap,5K,verb,exchange,appropriate,NA,,routine,eligible,They swapped seats during the movie.,SVO-PP,exchange sense forced by 'swapped seats during movie',,claude-opus-drafting-v1-2026-04-19
uvlt_5k_t08_i02,swap,5K,verb,exchange,inappropriate,b_collocation,b_collocation,routine,eligible,They swapped clouds during the movie.,SVO-PP,swap + direct obj 'clouds' non-collocate (swap seats/places/stories/numbers/gifts/jobs standard),,claude-opus-drafting-v1-2026-04-19
uvlt_5k_t08_i03,pierce,5K,verb,go into or through something,appropriate,NA,,routine,eligible,The sharp nail pierced his old shoe.,SVO,go-through sense forced by 'sharp nail pierced his old shoe',bleeds to a. Flag.,claude-opus-drafting-v1-2026-04-19
uvlt_5k_t08_i03,pierce,5K,verb,go into or through something,inappropriate,b_collocation,b_collocation,routine,eligible,The sharp nail pierced his old song.,SVO,pierce + 'song' (-physical) non-collocate (pierce skin/ear/hole/heart/shoe standard),bleeds to a. Flag.,claude-opus-drafting-v1-2026-04-19
uvlt_5k_t09_i01,tranquil,5K,adjective,calm and quiet,appropriate,NA,,routine,eligible,The tranquil lake glowed in moonlight.,SV-PP,calm-and-quiet sense forced by 'lake' + 'glowed',oddness lies in argument-glowed pair too. Flag.,claude-opus-drafting-v1-2026-04-19
uvlt_5k_t09_i01,tranquil,5K,adjective,calm and quiet,inappropriate,a_selectional,a_selectional,routine,eligible,The tranquil argument glowed in moonlight.,SV-PP,"tranquil requires +peaceful_entity/+place; 'argument' is +conflict, contradicts core meaning",oddness lies in argument-glowed pair too. Flag.,claude-opus-drafting-v1-2026-04-19
uvlt_5k_t09_i02,bald,5K,adjective,having no hair,appropriate,NA,,routine,eligible,The bald man waved at us.,SV-PP,no-hair sense forced by +human subj 'man' + 'waved',,claude-opus-drafting-v1-2026-04-19
uvlt_5k_t09_i02,bald,5K,adjective,having no hair,inappropriate,a_selectional,a_selectional,routine,eligible,The bald rainbow waved at us.,SV-PP,bald requires +hair-capable body surface; 'rainbow' -physical-body,,claude-opus-drafting-v1-2026-04-19
uvlt_5k_t09_i03,moist,5K,adjective,slightly wet,appropriate,NA,,routine,eligible,The moist cake tasted very good.,SVC,slightly-wet sense forced by 'cake' + 'tasted',,claude-opus-drafting-v1-2026-04-19
uvlt_5k_t09_i03,moist,5K,adjective,slightly wet,inappropriate,a_selectional,a_selectional,routine,eligible,The moist idea tasted very good.,SVC,moist requires +substance; 'idea' -substance,,claude-opus-drafting-v1-2026-04-19
uvlt_5k_t10_i01,tame,5K,adjective,not dangerous,appropriate,NA,,routine,eligible,The tame fox came closer quietly.,SV-adv,not-dangerous sense forced by 'fox came closer',,claude-opus-drafting-v1-2026-04-19
uvlt_5k_t10_i01,tame,5K,adjective,not dangerous,inappropriate,a_selectional,a_selectional,routine,eligible,The tame number came closer quietly.,SV-adv,tame requires +animal; 'number' -animal,,claude-opus-drafting-v1-2026-04-19
uvlt_5k_t10_i03,prudent,5K,adjective,using good judgment,appropriate,NA,,routine,eligible,His prudent choice saved the family.,SVO,using-good-judgment sense forced by 'choice saved the family',,claude-opus-drafting-v1-2026-04-19
uvlt_5k_t10_i03,prudent,5K,adjective,using good judgment,inappropriate,a_selectional,a_selectional,routine,eligible,His prudent carrot saved the family.,SVO,prudent requires +agent/+decision; 'carrot' -agent,,claude-opus-drafting-v1-2026-04-19
